text,path,num_frames,width,height,trajectory_maps_path,videoid,mask_start_index,mask_end_index,box_path
,/datadrive2/MOSE_release/train/JPEGImages/001ca3cb,36,1920,1080,/datadrive2/MOSE_release/train/Annotations/001ca3cb,001ca3cb,0,35,/datadrive2/MOSE_release/train/Boxes/001ca3cb
,/datadrive2/MOSE_release/train/JPEGImages/002b4dce,120,1920,1080,/datadrive2/MOSE_release/train/Annotations/002b4dce,002b4dce,0,119,/datadrive2/MOSE_release/train/Boxes/002b4dce
,/datadrive2/MOSE_release/train/JPEGImages/00501424,45,640,332,/datadrive2/MOSE_release/train/Annotations/00501424,00501424,0,44,/datadrive2/MOSE_release/train/Boxes/00501424
,/datadrive2/MOSE_release/train/JPEGImages/006e6b64,65,1920,994,/datadrive2/MOSE_release/train/Annotations/006e6b64,006e6b64,0,64,/datadrive2/MOSE_release/train/Boxes/006e6b64
,/datadrive2/MOSE_release/train/JPEGImages/009acc1a,3,1280,720,/datadrive2/MOSE_release/train/Annotations/009acc1a,009acc1a,0,2,/datadrive2/MOSE_release/train/Boxes/009acc1a
,/datadrive2/MOSE_release/train/JPEGImages/00aec1e5,6,544,315,/datadrive2/MOSE_release/train/Annotations/00aec1e5,00aec1e5,0,5,/datadrive2/MOSE_release/train/Boxes/00aec1e5
,/datadrive2/MOSE_release/train/JPEGImages/00e92ab4,34,960,480,/datadrive2/MOSE_release/train/Annotations/00e92ab4,00e92ab4,0,33,/datadrive2/MOSE_release/train/Boxes/00e92ab4
,/datadrive2/MOSE_release/train/JPEGImages/013103f6,195,1536,1080,/datadrive2/MOSE_release/train/Annotations/013103f6,013103f6,0,194,/datadrive2/MOSE_release/train/Boxes/013103f6
,/datadrive2/MOSE_release/train/JPEGImages/0165667b,86,1920,1080,/datadrive2/MOSE_release/train/Annotations/0165667b,0165667b,0,85,/datadrive2/MOSE_release/train/Boxes/0165667b
,/datadrive2/MOSE_release/train/JPEGImages/01e3cec8,81,1280,720,/datadrive2/MOSE_release/train/Annotations/01e3cec8,01e3cec8,0,80,/datadrive2/MOSE_release/train/Boxes/01e3cec8
,/datadrive2/MOSE_release/train/JPEGImages/02221fb0,80,1280,720,/datadrive2/MOSE_release/train/Annotations/02221fb0,02221fb0,0,79,/datadrive2/MOSE_release/train/Boxes/02221fb0
,/datadrive2/MOSE_release/train/JPEGImages/028f6f64,36,960,544,/datadrive2/MOSE_release/train/Annotations/028f6f64,028f6f64,0,35,/datadrive2/MOSE_release/train/Boxes/028f6f64
,/datadrive2/MOSE_release/train/JPEGImages/02a236b4,112,1280,720,/datadrive2/MOSE_release/train/Annotations/02a236b4,02a236b4,0,111,/datadrive2/MOSE_release/train/Boxes/02a236b4
,/datadrive2/MOSE_release/train/JPEGImages/02b72b8d,67,960,479,/datadrive2/MOSE_release/train/Annotations/02b72b8d,02b72b8d,0,66,/datadrive2/MOSE_release/train/Boxes/02b72b8d
,/datadrive2/MOSE_release/train/JPEGImages/02de2f2a,76,428,294,/datadrive2/MOSE_release/train/Annotations/02de2f2a,02de2f2a,0,75,/datadrive2/MOSE_release/train/Boxes/02de2f2a
,/datadrive2/MOSE_release/train/JPEGImages/02deca50,55,1100,720,/datadrive2/MOSE_release/train/Annotations/02deca50,02deca50,0,54,/datadrive2/MOSE_release/train/Boxes/02deca50
,/datadrive2/MOSE_release/train/JPEGImages/03012cfd,153,1536,1080,/datadrive2/MOSE_release/train/Annotations/03012cfd,03012cfd,0,152,/datadrive2/MOSE_release/train/Boxes/03012cfd
,/datadrive2/MOSE_release/train/JPEGImages/033130b2,22,1920,872,/datadrive2/MOSE_release/train/Annotations/033130b2,033130b2,0,21,/datadrive2/MOSE_release/train/Boxes/033130b2
,/datadrive2/MOSE_release/train/JPEGImages/033333fd,50,1920,994,/datadrive2/MOSE_release/train/Annotations/033333fd,033333fd,0,49,/datadrive2/MOSE_release/train/Boxes/033333fd
,/datadrive2/MOSE_release/train/JPEGImages/035359e5,24,1920,886,/datadrive2/MOSE_release/train/Annotations/035359e5,035359e5,0,23,/datadrive2/MOSE_release/train/Boxes/035359e5
,/datadrive2/MOSE_release/train/JPEGImages/0367af42,27,1920,820,/datadrive2/MOSE_release/train/Annotations/0367af42,0367af42,0,26,/datadrive2/MOSE_release/train/Boxes/0367af42
,/datadrive2/MOSE_release/train/JPEGImages/03692b14,200,1281,720,/datadrive2/MOSE_release/train/Annotations/03692b14,03692b14,0,199,/datadrive2/MOSE_release/train/Boxes/03692b14
,/datadrive2/MOSE_release/train/JPEGImages/03c21af7,36,1280,720,/datadrive2/MOSE_release/train/Annotations/03c21af7,03c21af7,0,35,/datadrive2/MOSE_release/train/Boxes/03c21af7
,/datadrive2/MOSE_release/train/JPEGImages/03c99e83,36,682,384,/datadrive2/MOSE_release/train/Annotations/03c99e83,03c99e83,0,35,/datadrive2/MOSE_release/train/Boxes/03c99e83
,/datadrive2/MOSE_release/train/JPEGImages/03e0f9b8,45,900,1128,/datadrive2/MOSE_release/train/Annotations/03e0f9b8,03e0f9b8,0,44,/datadrive2/MOSE_release/train/Boxes/03e0f9b8
,/datadrive2/MOSE_release/train/JPEGImages/03e5f069,145,1278,720,/datadrive2/MOSE_release/train/Annotations/03e5f069,03e5f069,0,144,/datadrive2/MOSE_release/train/Boxes/03e5f069
,/datadrive2/MOSE_release/train/JPEGImages/0442a954,136,1280,720,/datadrive2/MOSE_release/train/Annotations/0442a954,0442a954,0,135,/datadrive2/MOSE_release/train/Boxes/0442a954
,/datadrive2/MOSE_release/train/JPEGImages/046ed4f4,44,912,700,/datadrive2/MOSE_release/train/Annotations/046ed4f4,046ed4f4,0,43,/datadrive2/MOSE_release/train/Boxes/046ed4f4
,/datadrive2/MOSE_release/train/JPEGImages/04ae7a6b,72,1920,1080,/datadrive2/MOSE_release/train/Annotations/04ae7a6b,04ae7a6b,0,71,/datadrive2/MOSE_release/train/Boxes/04ae7a6b
,/datadrive2/MOSE_release/train/JPEGImages/051052d8,43,1920,896,/datadrive2/MOSE_release/train/Annotations/051052d8,051052d8,0,42,/datadrive2/MOSE_release/train/Boxes/051052d8
,/datadrive2/MOSE_release/train/JPEGImages/0558d0ed,107,1920,1080,/datadrive2/MOSE_release/train/Annotations/0558d0ed,0558d0ed,0,106,/datadrive2/MOSE_release/train/Boxes/0558d0ed
,/datadrive2/MOSE_release/train/JPEGImages/055fca57,156,1920,1080,/datadrive2/MOSE_release/train/Annotations/055fca57,055fca57,0,155,/datadrive2/MOSE_release/train/Boxes/055fca57
,/datadrive2/MOSE_release/train/JPEGImages/056e4786,6,384,360,/datadrive2/MOSE_release/train/Annotations/056e4786,056e4786,0,5,/datadrive2/MOSE_release/train/Boxes/056e4786
,/datadrive2/MOSE_release/train/JPEGImages/05a7d84d,30,551,360,/datadrive2/MOSE_release/train/Annotations/05a7d84d,05a7d84d,0,29,/datadrive2/MOSE_release/train/Boxes/05a7d84d
,/datadrive2/MOSE_release/train/JPEGImages/05ed1023,73,636,480,/datadrive2/MOSE_release/train/Annotations/05ed1023,05ed1023,0,72,/datadrive2/MOSE_release/train/Boxes/05ed1023
,/datadrive2/MOSE_release/train/JPEGImages/06273084,27,960,544,/datadrive2/MOSE_release/train/Annotations/06273084,06273084,0,26,/datadrive2/MOSE_release/train/Boxes/06273084
,/datadrive2/MOSE_release/train/JPEGImages/0644075b,87,1280,720,/datadrive2/MOSE_release/train/Annotations/0644075b,0644075b,0,86,/datadrive2/MOSE_release/train/Boxes/0644075b
,/datadrive2/MOSE_release/train/JPEGImages/06772c9a,23,1920,945,/datadrive2/MOSE_release/train/Annotations/06772c9a,06772c9a,0,22,/datadrive2/MOSE_release/train/Boxes/06772c9a
,/datadrive2/MOSE_release/train/JPEGImages/069f6a2a,49,1920,1080,/datadrive2/MOSE_release/train/Annotations/069f6a2a,069f6a2a,0,48,/datadrive2/MOSE_release/train/Boxes/069f6a2a
,/datadrive2/MOSE_release/train/JPEGImages/06ad78e0,35,572,327,/datadrive2/MOSE_release/train/Annotations/06ad78e0,06ad78e0,0,34,/datadrive2/MOSE_release/train/Boxes/06ad78e0
,/datadrive2/MOSE_release/train/JPEGImages/06ea172e,40,1920,994,/datadrive2/MOSE_release/train/Annotations/06ea172e,06ea172e,0,39,/datadrive2/MOSE_release/train/Boxes/06ea172e
,/datadrive2/MOSE_release/train/JPEGImages/06ebc138,22,2160,1080,/datadrive2/MOSE_release/train/Annotations/06ebc138,06ebc138,0,21,/datadrive2/MOSE_release/train/Boxes/06ebc138
,/datadrive2/MOSE_release/train/JPEGImages/072e7b3f,36,1440,1080,/datadrive2/MOSE_release/train/Annotations/072e7b3f,072e7b3f,0,35,/datadrive2/MOSE_release/train/Boxes/072e7b3f
,/datadrive2/MOSE_release/train/JPEGImages/073baf48,58,1920,1080,/datadrive2/MOSE_release/train/Annotations/073baf48,073baf48,0,57,/datadrive2/MOSE_release/train/Boxes/073baf48
,/datadrive2/MOSE_release/train/JPEGImages/0770ad03,41,1280,720,/datadrive2/MOSE_release/train/Annotations/0770ad03,0770ad03,0,40,/datadrive2/MOSE_release/train/Boxes/0770ad03
,/datadrive2/MOSE_release/train/JPEGImages/07779415,26,1920,1080,/datadrive2/MOSE_release/train/Annotations/07779415,07779415,0,25,/datadrive2/MOSE_release/train/Boxes/07779415
,/datadrive2/MOSE_release/train/JPEGImages/07b00746,48,536,330,/datadrive2/MOSE_release/train/Annotations/07b00746,07b00746,0,47,/datadrive2/MOSE_release/train/Boxes/07b00746
,/datadrive2/MOSE_release/train/JPEGImages/07b5d86c,74,1280,720,/datadrive2/MOSE_release/train/Annotations/07b5d86c,07b5d86c,0,73,/datadrive2/MOSE_release/train/Boxes/07b5d86c
,/datadrive2/MOSE_release/train/JPEGImages/08746283,30,1920,1080,/datadrive2/MOSE_release/train/Annotations/08746283,08746283,0,29,/datadrive2/MOSE_release/train/Boxes/08746283
,/datadrive2/MOSE_release/train/JPEGImages/08a5c662,84,1280,720,/datadrive2/MOSE_release/train/Annotations/08a5c662,08a5c662,0,83,/datadrive2/MOSE_release/train/Boxes/08a5c662
,/datadrive2/MOSE_release/train/JPEGImages/08ff419c,126,960,544,/datadrive2/MOSE_release/train/Annotations/08ff419c,08ff419c,0,125,/datadrive2/MOSE_release/train/Boxes/08ff419c
,/datadrive2/MOSE_release/train/JPEGImages/093d3d93,20,1920,1080,/datadrive2/MOSE_release/train/Annotations/093d3d93,093d3d93,0,19,/datadrive2/MOSE_release/train/Boxes/093d3d93
,/datadrive2/MOSE_release/train/JPEGImages/09d305d1,53,1280,530,/datadrive2/MOSE_release/train/Annotations/09d305d1,09d305d1,0,52,/datadrive2/MOSE_release/train/Boxes/09d305d1
,/datadrive2/MOSE_release/train/JPEGImages/0a43a414,33,1920,1080,/datadrive2/MOSE_release/train/Annotations/0a43a414,0a43a414,0,32,/datadrive2/MOSE_release/train/Boxes/0a43a414
,/datadrive2/MOSE_release/train/JPEGImages/0a7a3629,15,1076,720,/datadrive2/MOSE_release/train/Annotations/0a7a3629,0a7a3629,0,14,/datadrive2/MOSE_release/train/Boxes/0a7a3629
,/datadrive2/MOSE_release/train/JPEGImages/0a8d7b41,44,1920,820,/datadrive2/MOSE_release/train/Annotations/0a8d7b41,0a8d7b41,0,43,/datadrive2/MOSE_release/train/Boxes/0a8d7b41
,/datadrive2/MOSE_release/train/JPEGImages/0ab42ab1,62,2160,1215,/datadrive2/MOSE_release/train/Annotations/0ab42ab1,0ab42ab1,0,61,/datadrive2/MOSE_release/train/Boxes/0ab42ab1
,/datadrive2/MOSE_release/train/JPEGImages/0ab68ba2,8,1920,944,/datadrive2/MOSE_release/train/Annotations/0ab68ba2,0ab68ba2,0,7,/datadrive2/MOSE_release/train/Boxes/0ab68ba2
,/datadrive2/MOSE_release/train/JPEGImages/0ab75563,104,2340,1080,/datadrive2/MOSE_release/train/Annotations/0ab75563,0ab75563,0,103,/datadrive2/MOSE_release/train/Boxes/0ab75563
,/datadrive2/MOSE_release/train/JPEGImages/0ab807b4,19,1920,1080,/datadrive2/MOSE_release/train/Annotations/0ab807b4,0ab807b4,0,18,/datadrive2/MOSE_release/train/Boxes/0ab807b4
,/datadrive2/MOSE_release/train/JPEGImages/0af03282,19,1920,945,/datadrive2/MOSE_release/train/Annotations/0af03282,0af03282,0,18,/datadrive2/MOSE_release/train/Boxes/0af03282
,/datadrive2/MOSE_release/train/JPEGImages/0b02886a,30,1100,720,/datadrive2/MOSE_release/train/Annotations/0b02886a,0b02886a,0,29,/datadrive2/MOSE_release/train/Boxes/0b02886a
,/datadrive2/MOSE_release/train/JPEGImages/0b27d5f7,54,1920,908,/datadrive2/MOSE_release/train/Annotations/0b27d5f7,0b27d5f7,0,53,/datadrive2/MOSE_release/train/Boxes/0b27d5f7
,/datadrive2/MOSE_release/train/JPEGImages/0b4b662c,74,1080,1920,/datadrive2/MOSE_release/train/Annotations/0b4b662c,0b4b662c,0,73,/datadrive2/MOSE_release/train/Boxes/0b4b662c
,/datadrive2/MOSE_release/train/JPEGImages/0b5e5d29,42,1690,1080,/datadrive2/MOSE_release/train/Annotations/0b5e5d29,0b5e5d29,0,41,/datadrive2/MOSE_release/train/Boxes/0b5e5d29
,/datadrive2/MOSE_release/train/JPEGImages/0b787263,70,1280,720,/datadrive2/MOSE_release/train/Annotations/0b787263,0b787263,0,69,/datadrive2/MOSE_release/train/Boxes/0b787263
,/datadrive2/MOSE_release/train/JPEGImages/0b99f522,30,1920,908,/datadrive2/MOSE_release/train/Annotations/0b99f522,0b99f522,0,29,/datadrive2/MOSE_release/train/Boxes/0b99f522
,/datadrive2/MOSE_release/train/JPEGImages/0ba9c5ad,152,1920,1080,/datadrive2/MOSE_release/train/Annotations/0ba9c5ad,0ba9c5ad,0,151,/datadrive2/MOSE_release/train/Boxes/0ba9c5ad
,/datadrive2/MOSE_release/train/JPEGImages/0be33bc1,154,1920,1080,/datadrive2/MOSE_release/train/Annotations/0be33bc1,0be33bc1,0,153,/datadrive2/MOSE_release/train/Boxes/0be33bc1
,/datadrive2/MOSE_release/train/JPEGImages/0c13e1e7,36,1080,1920,/datadrive2/MOSE_release/train/Annotations/0c13e1e7,0c13e1e7,0,35,/datadrive2/MOSE_release/train/Boxes/0c13e1e7
,/datadrive2/MOSE_release/train/JPEGImages/0d1575fe,14,640,294,/datadrive2/MOSE_release/train/Annotations/0d1575fe,0d1575fe,0,13,/datadrive2/MOSE_release/train/Boxes/0d1575fe
,/datadrive2/MOSE_release/train/JPEGImages/0d1fe009,179,1920,1080,/datadrive2/MOSE_release/train/Annotations/0d1fe009,0d1fe009,0,178,/datadrive2/MOSE_release/train/Boxes/0d1fe009
,/datadrive2/MOSE_release/train/JPEGImages/0d31d3a6,45,1280,720,/datadrive2/MOSE_release/train/Annotations/0d31d3a6,0d31d3a6,0,44,/datadrive2/MOSE_release/train/Boxes/0d31d3a6
,/datadrive2/MOSE_release/train/JPEGImages/0d4d88f6,37,640,368,/datadrive2/MOSE_release/train/Annotations/0d4d88f6,0d4d88f6,0,36,/datadrive2/MOSE_release/train/Boxes/0d4d88f6
,/datadrive2/MOSE_release/train/JPEGImages/0d4feda2,25,720,1280,/datadrive2/MOSE_release/train/Annotations/0d4feda2,0d4feda2,0,24,/datadrive2/MOSE_release/train/Boxes/0d4feda2
,/datadrive2/MOSE_release/train/JPEGImages/0d6e7177,44,550,313,/datadrive2/MOSE_release/train/Annotations/0d6e7177,0d6e7177,0,43,/datadrive2/MOSE_release/train/Boxes/0d6e7177
,/datadrive2/MOSE_release/train/JPEGImages/0d876a65,55,1280,630,/datadrive2/MOSE_release/train/Annotations/0d876a65,0d876a65,0,54,/datadrive2/MOSE_release/train/Boxes/0d876a65
,/datadrive2/MOSE_release/train/JPEGImages/0d8d30ae,171,1920,1080,/datadrive2/MOSE_release/train/Annotations/0d8d30ae,0d8d30ae,0,170,/datadrive2/MOSE_release/train/Boxes/0d8d30ae
,/datadrive2/MOSE_release/train/JPEGImages/0d967fd1,66,1908,959,/datadrive2/MOSE_release/train/Annotations/0d967fd1,0d967fd1,0,65,/datadrive2/MOSE_release/train/Boxes/0d967fd1
,/datadrive2/MOSE_release/train/JPEGImages/0dc1b78c,44,1920,872,/datadrive2/MOSE_release/train/Annotations/0dc1b78c,0dc1b78c,0,43,/datadrive2/MOSE_release/train/Boxes/0dc1b78c
,/datadrive2/MOSE_release/train/JPEGImages/0e05fabe,32,2160,1080,/datadrive2/MOSE_release/train/Annotations/0e05fabe,0e05fabe,0,31,/datadrive2/MOSE_release/train/Boxes/0e05fabe
,/datadrive2/MOSE_release/train/JPEGImages/0e4aeed9,33,1920,1080,/datadrive2/MOSE_release/train/Annotations/0e4aeed9,0e4aeed9,0,32,/datadrive2/MOSE_release/train/Boxes/0e4aeed9
,/datadrive2/MOSE_release/train/JPEGImages/0e7001dd,85,720,1280,/datadrive2/MOSE_release/train/Annotations/0e7001dd,0e7001dd,0,84,/datadrive2/MOSE_release/train/Boxes/0e7001dd
,/datadrive2/MOSE_release/train/JPEGImages/0e843fc8,27,1280,648,/datadrive2/MOSE_release/train/Annotations/0e843fc8,0e843fc8,0,26,/datadrive2/MOSE_release/train/Boxes/0e843fc8
,/datadrive2/MOSE_release/train/JPEGImages/0f3b1fcb,10,1920,1080,/datadrive2/MOSE_release/train/Annotations/0f3b1fcb,0f3b1fcb,0,9,/datadrive2/MOSE_release/train/Boxes/0f3b1fcb
,/datadrive2/MOSE_release/train/JPEGImages/0f5255e1,7,1080,1920,/datadrive2/MOSE_release/train/Annotations/0f5255e1,0f5255e1,0,6,/datadrive2/MOSE_release/train/Boxes/0f5255e1
,/datadrive2/MOSE_release/train/JPEGImages/0f685e01,34,960,544,/datadrive2/MOSE_release/train/Annotations/0f685e01,0f685e01,0,33,/datadrive2/MOSE_release/train/Boxes/0f685e01
,/datadrive2/MOSE_release/train/JPEGImages/0f809e41,26,3840,2160,/datadrive2/MOSE_release/train/Annotations/0f809e41,0f809e41,0,25,/datadrive2/MOSE_release/train/Boxes/0f809e41
,/datadrive2/MOSE_release/train/JPEGImages/0f96e2d7,63,1280,720,/datadrive2/MOSE_release/train/Annotations/0f96e2d7,0f96e2d7,0,62,/datadrive2/MOSE_release/train/Boxes/0f96e2d7
,/datadrive2/MOSE_release/train/JPEGImages/0fc00006,81,1280,720,/datadrive2/MOSE_release/train/Annotations/0fc00006,0fc00006,0,80,/datadrive2/MOSE_release/train/Boxes/0fc00006
,/datadrive2/MOSE_release/train/JPEGImages/0fdf67f7,36,1088,888,/datadrive2/MOSE_release/train/Annotations/0fdf67f7,0fdf67f7,0,35,/datadrive2/MOSE_release/train/Boxes/0fdf67f7
,/datadrive2/MOSE_release/train/JPEGImages/100edaef,72,2336,1080,/datadrive2/MOSE_release/train/Annotations/100edaef,100edaef,0,71,/datadrive2/MOSE_release/train/Boxes/100edaef
,/datadrive2/MOSE_release/train/JPEGImages/100f6ecf,162,720,1280,/datadrive2/MOSE_release/train/Annotations/100f6ecf,100f6ecf,0,161,/datadrive2/MOSE_release/train/Boxes/100f6ecf
,/datadrive2/MOSE_release/train/JPEGImages/103166c7,40,960,540,/datadrive2/MOSE_release/train/Annotations/103166c7,103166c7,0,39,/datadrive2/MOSE_release/train/Boxes/103166c7
,/datadrive2/MOSE_release/train/JPEGImages/103b3ca8,55,1888,1080,/datadrive2/MOSE_release/train/Annotations/103b3ca8,103b3ca8,0,54,/datadrive2/MOSE_release/train/Boxes/103b3ca8
,/datadrive2/MOSE_release/train/JPEGImages/103df575,40,2340,1080,/datadrive2/MOSE_release/train/Annotations/103df575,103df575,0,39,/datadrive2/MOSE_release/train/Boxes/103df575
,/datadrive2/MOSE_release/train/JPEGImages/10552818,94,1920,945,/datadrive2/MOSE_release/train/Annotations/10552818,10552818,0,93,/datadrive2/MOSE_release/train/Boxes/10552818
,/datadrive2/MOSE_release/train/JPEGImages/106d33db,40,1920,864,/datadrive2/MOSE_release/train/Annotations/106d33db,106d33db,0,39,/datadrive2/MOSE_release/train/Boxes/106d33db
,/datadrive2/MOSE_release/train/JPEGImages/1106f3a7,36,1920,1080,/datadrive2/MOSE_release/train/Annotations/1106f3a7,1106f3a7,0,35,/datadrive2/MOSE_release/train/Boxes/1106f3a7
,/datadrive2/MOSE_release/train/JPEGImages/110da3cf,151,1239,1080,/datadrive2/MOSE_release/train/Annotations/110da3cf,110da3cf,0,150,/datadrive2/MOSE_release/train/Boxes/110da3cf
,/datadrive2/MOSE_release/train/JPEGImages/111bb373,34,578,576,/datadrive2/MOSE_release/train/Annotations/111bb373,111bb373,0,33,/datadrive2/MOSE_release/train/Boxes/111bb373
,/datadrive2/MOSE_release/train/JPEGImages/111e0a5c,175,960,544,/datadrive2/MOSE_release/train/Annotations/111e0a5c,111e0a5c,0,174,/datadrive2/MOSE_release/train/Boxes/111e0a5c
,/datadrive2/MOSE_release/train/JPEGImages/112a2ef0,121,1280,720,/datadrive2/MOSE_release/train/Annotations/112a2ef0,112a2ef0,0,120,/datadrive2/MOSE_release/train/Boxes/112a2ef0
,/datadrive2/MOSE_release/train/JPEGImages/1143b3fe,31,1920,1080,/datadrive2/MOSE_release/train/Annotations/1143b3fe,1143b3fe,0,30,/datadrive2/MOSE_release/train/Boxes/1143b3fe
,/datadrive2/MOSE_release/train/JPEGImages/115348f9,42,1920,1080,/datadrive2/MOSE_release/train/Annotations/115348f9,115348f9,0,41,/datadrive2/MOSE_release/train/Boxes/115348f9
,/datadrive2/MOSE_release/train/JPEGImages/115adda4,32,848,480,/datadrive2/MOSE_release/train/Annotations/115adda4,115adda4,0,31,/datadrive2/MOSE_release/train/Boxes/115adda4
,/datadrive2/MOSE_release/train/JPEGImages/115da184,60,1920,1080,/datadrive2/MOSE_release/train/Annotations/115da184,115da184,0,59,/datadrive2/MOSE_release/train/Boxes/115da184
,/datadrive2/MOSE_release/train/JPEGImages/118a067e,73,1920,1080,/datadrive2/MOSE_release/train/Annotations/118a067e,118a067e,0,72,/datadrive2/MOSE_release/train/Boxes/118a067e
,/datadrive2/MOSE_release/train/JPEGImages/11c14893,20,550,360,/datadrive2/MOSE_release/train/Annotations/11c14893,11c14893,0,19,/datadrive2/MOSE_release/train/Boxes/11c14893
,/datadrive2/MOSE_release/train/JPEGImages/11cdeb64,28,960,544,/datadrive2/MOSE_release/train/Annotations/11cdeb64,11cdeb64,0,27,/datadrive2/MOSE_release/train/Boxes/11cdeb64
,/datadrive2/MOSE_release/train/JPEGImages/11e16068,67,1920,1080,/datadrive2/MOSE_release/train/Annotations/11e16068,11e16068,0,66,/datadrive2/MOSE_release/train/Boxes/11e16068
,/datadrive2/MOSE_release/train/JPEGImages/12099d59,4,572,328,/datadrive2/MOSE_release/train/Annotations/12099d59,12099d59,0,3,/datadrive2/MOSE_release/train/Boxes/12099d59
,/datadrive2/MOSE_release/train/JPEGImages/1251a1c9,58,1920,944,/datadrive2/MOSE_release/train/Annotations/1251a1c9,1251a1c9,0,57,/datadrive2/MOSE_release/train/Boxes/1251a1c9
,/datadrive2/MOSE_release/train/JPEGImages/1291276c,25,998,720,/datadrive2/MOSE_release/train/Annotations/1291276c,1291276c,0,24,/datadrive2/MOSE_release/train/Boxes/1291276c
,/datadrive2/MOSE_release/train/JPEGImages/12a42fd9,205,1536,1080,/datadrive2/MOSE_release/train/Annotations/12a42fd9,12a42fd9,0,204,/datadrive2/MOSE_release/train/Boxes/12a42fd9
,/datadrive2/MOSE_release/train/JPEGImages/12a5d0d7,61,1280,720,/datadrive2/MOSE_release/train/Annotations/12a5d0d7,12a5d0d7,0,60,/datadrive2/MOSE_release/train/Boxes/12a5d0d7
,/datadrive2/MOSE_release/train/JPEGImages/12e509c2,120,847,720,/datadrive2/MOSE_release/train/Annotations/12e509c2,12e509c2,0,119,/datadrive2/MOSE_release/train/Boxes/12e509c2
,/datadrive2/MOSE_release/train/JPEGImages/12fdc864,42,1280,720,/datadrive2/MOSE_release/train/Annotations/12fdc864,12fdc864,0,41,/datadrive2/MOSE_release/train/Boxes/12fdc864
,/datadrive2/MOSE_release/train/JPEGImages/130fcdbe,24,1920,1080,/datadrive2/MOSE_release/train/Annotations/130fcdbe,130fcdbe,0,23,/datadrive2/MOSE_release/train/Boxes/130fcdbe
,/datadrive2/MOSE_release/train/JPEGImages/132561ee,82,640,368,/datadrive2/MOSE_release/train/Annotations/132561ee,132561ee,0,81,/datadrive2/MOSE_release/train/Boxes/132561ee
,/datadrive2/MOSE_release/train/JPEGImages/1339321a,51,1280,530,/datadrive2/MOSE_release/train/Annotations/1339321a,1339321a,0,50,/datadrive2/MOSE_release/train/Boxes/1339321a
,/datadrive2/MOSE_release/train/JPEGImages/134a2ab0,37,544,315,/datadrive2/MOSE_release/train/Annotations/134a2ab0,134a2ab0,0,36,/datadrive2/MOSE_release/train/Boxes/134a2ab0
,/datadrive2/MOSE_release/train/JPEGImages/1367e367,53,1920,1080,/datadrive2/MOSE_release/train/Annotations/1367e367,1367e367,0,52,/datadrive2/MOSE_release/train/Boxes/1367e367
,/datadrive2/MOSE_release/train/JPEGImages/138c81fe,35,720,1280,/datadrive2/MOSE_release/train/Annotations/138c81fe,138c81fe,0,34,/datadrive2/MOSE_release/train/Boxes/138c81fe
,/datadrive2/MOSE_release/train/JPEGImages/13e6df75,18,1920,1080,/datadrive2/MOSE_release/train/Annotations/13e6df75,13e6df75,0,17,/datadrive2/MOSE_release/train/Boxes/13e6df75
,/datadrive2/MOSE_release/train/JPEGImages/13f0606c,21,1280,720,/datadrive2/MOSE_release/train/Annotations/13f0606c,13f0606c,0,20,/datadrive2/MOSE_release/train/Boxes/13f0606c
,/datadrive2/MOSE_release/train/JPEGImages/14655f54,180,1920,1080,/datadrive2/MOSE_release/train/Annotations/14655f54,14655f54,0,179,/datadrive2/MOSE_release/train/Boxes/14655f54
,/datadrive2/MOSE_release/train/JPEGImages/149dbae2,60,1920,1080,/datadrive2/MOSE_release/train/Annotations/149dbae2,149dbae2,0,59,/datadrive2/MOSE_release/train/Boxes/149dbae2
,/datadrive2/MOSE_release/train/JPEGImages/15654ee1,48,960,544,/datadrive2/MOSE_release/train/Annotations/15654ee1,15654ee1,0,47,/datadrive2/MOSE_release/train/Boxes/15654ee1
,/datadrive2/MOSE_release/train/JPEGImages/158062aa,17,1080,1920,/datadrive2/MOSE_release/train/Annotations/158062aa,158062aa,0,16,/datadrive2/MOSE_release/train/Boxes/158062aa
,/datadrive2/MOSE_release/train/JPEGImages/1589579d,57,1920,1080,/datadrive2/MOSE_release/train/Annotations/1589579d,1589579d,0,56,/datadrive2/MOSE_release/train/Boxes/1589579d
,/datadrive2/MOSE_release/train/JPEGImages/159789c4,35,1088,816,/datadrive2/MOSE_release/train/Annotations/159789c4,159789c4,0,34,/datadrive2/MOSE_release/train/Boxes/159789c4
,/datadrive2/MOSE_release/train/JPEGImages/15a7f602,3,1920,1080,/datadrive2/MOSE_release/train/Annotations/15a7f602,15a7f602,0,2,/datadrive2/MOSE_release/train/Boxes/15a7f602
,/datadrive2/MOSE_release/train/JPEGImages/15c41c4b,56,1920,1080,/datadrive2/MOSE_release/train/Annotations/15c41c4b,15c41c4b,0,55,/datadrive2/MOSE_release/train/Boxes/15c41c4b
,/datadrive2/MOSE_release/train/JPEGImages/15e7e4d1,61,1075,616,/datadrive2/MOSE_release/train/Annotations/15e7e4d1,15e7e4d1,0,60,/datadrive2/MOSE_release/train/Boxes/15e7e4d1
,/datadrive2/MOSE_release/train/JPEGImages/15e9161e,104,1280,720,/datadrive2/MOSE_release/train/Annotations/15e9161e,15e9161e,0,103,/datadrive2/MOSE_release/train/Boxes/15e9161e
,/datadrive2/MOSE_release/train/JPEGImages/15f0b0cd,55,1280,720,/datadrive2/MOSE_release/train/Annotations/15f0b0cd,15f0b0cd,0,54,/datadrive2/MOSE_release/train/Boxes/15f0b0cd
,/datadrive2/MOSE_release/train/JPEGImages/16130bd3,234,1920,1080,/datadrive2/MOSE_release/train/Annotations/16130bd3,16130bd3,0,233,/datadrive2/MOSE_release/train/Boxes/16130bd3
,/datadrive2/MOSE_release/train/JPEGImages/164a7305,43,1920,945,/datadrive2/MOSE_release/train/Annotations/164a7305,164a7305,0,42,/datadrive2/MOSE_release/train/Boxes/164a7305
,/datadrive2/MOSE_release/train/JPEGImages/16e1cca7,93,2340,1080,/datadrive2/MOSE_release/train/Annotations/16e1cca7,16e1cca7,0,92,/datadrive2/MOSE_release/train/Boxes/16e1cca7
,/datadrive2/MOSE_release/train/JPEGImages/1731babb,43,1440,1069,/datadrive2/MOSE_release/train/Annotations/1731babb,1731babb,0,42,/datadrive2/MOSE_release/train/Boxes/1731babb
,/datadrive2/MOSE_release/train/JPEGImages/17f66311,22,720,1280,/datadrive2/MOSE_release/train/Annotations/17f66311,17f66311,0,21,/datadrive2/MOSE_release/train/Boxes/17f66311
,/datadrive2/MOSE_release/train/JPEGImages/181ec185,120,1280,720,/datadrive2/MOSE_release/train/Annotations/181ec185,181ec185,0,119,/datadrive2/MOSE_release/train/Boxes/181ec185
,/datadrive2/MOSE_release/train/JPEGImages/18513251,61,1574,1078,/datadrive2/MOSE_release/train/Annotations/18513251,18513251,0,60,/datadrive2/MOSE_release/train/Boxes/18513251
,/datadrive2/MOSE_release/train/JPEGImages/18840617,37,1920,1080,/datadrive2/MOSE_release/train/Annotations/18840617,18840617,0,36,/datadrive2/MOSE_release/train/Boxes/18840617
,/datadrive2/MOSE_release/train/JPEGImages/18ad3117,80,1920,944,/datadrive2/MOSE_release/train/Annotations/18ad3117,18ad3117,0,79,/datadrive2/MOSE_release/train/Boxes/18ad3117
,/datadrive2/MOSE_release/train/JPEGImages/18d8931e,78,1280,720,/datadrive2/MOSE_release/train/Annotations/18d8931e,18d8931e,0,77,/datadrive2/MOSE_release/train/Boxes/18d8931e
,/datadrive2/MOSE_release/train/JPEGImages/19247506,60,1088,610,/datadrive2/MOSE_release/train/Annotations/19247506,19247506,0,59,/datadrive2/MOSE_release/train/Boxes/19247506
,/datadrive2/MOSE_release/train/JPEGImages/19310598,53,960,544,/datadrive2/MOSE_release/train/Annotations/19310598,19310598,0,52,/datadrive2/MOSE_release/train/Boxes/19310598
,/datadrive2/MOSE_release/train/JPEGImages/196679a6,8,1920,1080,/datadrive2/MOSE_release/train/Annotations/196679a6,196679a6,0,7,/datadrive2/MOSE_release/train/Boxes/196679a6
,/datadrive2/MOSE_release/train/JPEGImages/197f6587,54,1024,504,/datadrive2/MOSE_release/train/Annotations/197f6587,197f6587,0,53,/datadrive2/MOSE_release/train/Boxes/197f6587
,/datadrive2/MOSE_release/train/JPEGImages/19801183,135,1440,1080,/datadrive2/MOSE_release/train/Annotations/19801183,19801183,0,134,/datadrive2/MOSE_release/train/Boxes/19801183
,/datadrive2/MOSE_release/train/JPEGImages/198021ad,171,1920,1080,/datadrive2/MOSE_release/train/Annotations/198021ad,198021ad,0,170,/datadrive2/MOSE_release/train/Boxes/198021ad
,/datadrive2/MOSE_release/train/JPEGImages/199995b5,65,1920,994,/datadrive2/MOSE_release/train/Annotations/199995b5,199995b5,0,64,/datadrive2/MOSE_release/train/Boxes/199995b5
,/datadrive2/MOSE_release/train/JPEGImages/1a2872dc,82,2340,1080,/datadrive2/MOSE_release/train/Annotations/1a2872dc,1a2872dc,0,81,/datadrive2/MOSE_release/train/Boxes/1a2872dc
,/datadrive2/MOSE_release/train/JPEGImages/1a6177c1,54,2340,1080,/datadrive2/MOSE_release/train/Annotations/1a6177c1,1a6177c1,0,53,/datadrive2/MOSE_release/train/Boxes/1a6177c1
,/datadrive2/MOSE_release/train/JPEGImages/1a6a731f,27,206,176,/datadrive2/MOSE_release/train/Annotations/1a6a731f,1a6a731f,0,26,/datadrive2/MOSE_release/train/Boxes/1a6a731f
,/datadrive2/MOSE_release/train/JPEGImages/1b6472c1,106,960,472,/datadrive2/MOSE_release/train/Annotations/1b6472c1,1b6472c1,0,105,/datadrive2/MOSE_release/train/Boxes/1b6472c1
,/datadrive2/MOSE_release/train/JPEGImages/1b7eada8,40,1280,534,/datadrive2/MOSE_release/train/Annotations/1b7eada8,1b7eada8,0,39,/datadrive2/MOSE_release/train/Boxes/1b7eada8
,/datadrive2/MOSE_release/train/JPEGImages/1b8bb699,46,960,544,/datadrive2/MOSE_release/train/Annotations/1b8bb699,1b8bb699,0,45,/datadrive2/MOSE_release/train/Boxes/1b8bb699
,/datadrive2/MOSE_release/train/JPEGImages/1c28e081,68,1920,1080,/datadrive2/MOSE_release/train/Annotations/1c28e081,1c28e081,0,67,/datadrive2/MOSE_release/train/Boxes/1c28e081
,/datadrive2/MOSE_release/train/JPEGImages/1c5f5bb6,58,3840,2160,/datadrive2/MOSE_release/train/Annotations/1c5f5bb6,1c5f5bb6,0,57,/datadrive2/MOSE_release/train/Boxes/1c5f5bb6
,/datadrive2/MOSE_release/train/JPEGImages/1c6fb814,60,1280,720,/datadrive2/MOSE_release/train/Annotations/1c6fb814,1c6fb814,0,59,/datadrive2/MOSE_release/train/Boxes/1c6fb814
,/datadrive2/MOSE_release/train/JPEGImages/1c80acb0,16,1888,1080,/datadrive2/MOSE_release/train/Annotations/1c80acb0,1c80acb0,0,15,/datadrive2/MOSE_release/train/Boxes/1c80acb0
,/datadrive2/MOSE_release/train/JPEGImages/1ca2531a,99,1280,720,/datadrive2/MOSE_release/train/Annotations/1ca2531a,1ca2531a,0,98,/datadrive2/MOSE_release/train/Boxes/1ca2531a
,/datadrive2/MOSE_release/train/JPEGImages/1ca51f06,63,640,360,/datadrive2/MOSE_release/train/Annotations/1ca51f06,1ca51f06,0,62,/datadrive2/MOSE_release/train/Boxes/1ca51f06
,/datadrive2/MOSE_release/train/JPEGImages/1cd99b86,29,1645,1080,/datadrive2/MOSE_release/train/Annotations/1cd99b86,1cd99b86,0,28,/datadrive2/MOSE_release/train/Boxes/1cd99b86
,/datadrive2/MOSE_release/train/JPEGImages/1d29944c,36,1280,720,/datadrive2/MOSE_release/train/Annotations/1d29944c,1d29944c,0,35,/datadrive2/MOSE_release/train/Boxes/1d29944c
,/datadrive2/MOSE_release/train/JPEGImages/1d64aff3,135,1282,720,/datadrive2/MOSE_release/train/Annotations/1d64aff3,1d64aff3,0,134,/datadrive2/MOSE_release/train/Boxes/1d64aff3
,/datadrive2/MOSE_release/train/JPEGImages/1d7a23e0,126,960,472,/datadrive2/MOSE_release/train/Annotations/1d7a23e0,1d7a23e0,0,125,/datadrive2/MOSE_release/train/Boxes/1d7a23e0
,/datadrive2/MOSE_release/train/JPEGImages/1da33959,36,900,699,/datadrive2/MOSE_release/train/Annotations/1da33959,1da33959,0,35,/datadrive2/MOSE_release/train/Boxes/1da33959
,/datadrive2/MOSE_release/train/JPEGImages/1dba51af,48,1920,1080,/datadrive2/MOSE_release/train/Annotations/1dba51af,1dba51af,0,47,/datadrive2/MOSE_release/train/Boxes/1dba51af
,/datadrive2/MOSE_release/train/JPEGImages/1dbca5cc,11,1920,1080,/datadrive2/MOSE_release/train/Annotations/1dbca5cc,1dbca5cc,0,10,/datadrive2/MOSE_release/train/Boxes/1dbca5cc
,/datadrive2/MOSE_release/train/JPEGImages/1dc0c9a0,25,1920,972,/datadrive2/MOSE_release/train/Annotations/1dc0c9a0,1dc0c9a0,0,24,/datadrive2/MOSE_release/train/Boxes/1dc0c9a0
,/datadrive2/MOSE_release/train/JPEGImages/1dc12eca,84,1920,1080,/datadrive2/MOSE_release/train/Annotations/1dc12eca,1dc12eca,0,83,/datadrive2/MOSE_release/train/Boxes/1dc12eca
,/datadrive2/MOSE_release/train/JPEGImages/1e0fb02a,179,1920,945,/datadrive2/MOSE_release/train/Annotations/1e0fb02a,1e0fb02a,0,178,/datadrive2/MOSE_release/train/Boxes/1e0fb02a
,/datadrive2/MOSE_release/train/JPEGImages/1e207fe0,92,1920,945,/datadrive2/MOSE_release/train/Annotations/1e207fe0,1e207fe0,0,91,/datadrive2/MOSE_release/train/Boxes/1e207fe0
,/datadrive2/MOSE_release/train/JPEGImages/1e356390,121,1920,1080,/datadrive2/MOSE_release/train/Annotations/1e356390,1e356390,0,120,/datadrive2/MOSE_release/train/Boxes/1e356390
,/datadrive2/MOSE_release/train/JPEGImages/1e44f47e,90,1920,1080,/datadrive2/MOSE_release/train/Annotations/1e44f47e,1e44f47e,0,89,/datadrive2/MOSE_release/train/Boxes/1e44f47e
,/datadrive2/MOSE_release/train/JPEGImages/1e75004d,71,1920,1080,/datadrive2/MOSE_release/train/Annotations/1e75004d,1e75004d,0,70,/datadrive2/MOSE_release/train/Boxes/1e75004d
,/datadrive2/MOSE_release/train/JPEGImages/1e95ef5e,106,720,720,/datadrive2/MOSE_release/train/Annotations/1e95ef5e,1e95ef5e,0,105,/datadrive2/MOSE_release/train/Boxes/1e95ef5e
,/datadrive2/MOSE_release/train/JPEGImages/1eac1aff,30,1920,1080,/datadrive2/MOSE_release/train/Annotations/1eac1aff,1eac1aff,0,29,/datadrive2/MOSE_release/train/Boxes/1eac1aff
,/datadrive2/MOSE_release/train/JPEGImages/1f220f98,65,1080,1920,/datadrive2/MOSE_release/train/Annotations/1f220f98,1f220f98,0,64,/datadrive2/MOSE_release/train/Boxes/1f220f98
,/datadrive2/MOSE_release/train/JPEGImages/1f614262,6,1920,1080,/datadrive2/MOSE_release/train/Annotations/1f614262,1f614262,0,5,/datadrive2/MOSE_release/train/Boxes/1f614262
,/datadrive2/MOSE_release/train/JPEGImages/1f805416,73,912,623,/datadrive2/MOSE_release/train/Annotations/1f805416,1f805416,0,72,/datadrive2/MOSE_release/train/Boxes/1f805416
,/datadrive2/MOSE_release/train/JPEGImages/1fab1d1c,68,1280,620,/datadrive2/MOSE_release/train/Annotations/1fab1d1c,1fab1d1c,0,67,/datadrive2/MOSE_release/train/Boxes/1fab1d1c
,/datadrive2/MOSE_release/train/JPEGImages/1fb378d9,66,1920,1080,/datadrive2/MOSE_release/train/Annotations/1fb378d9,1fb378d9,0,65,/datadrive2/MOSE_release/train/Boxes/1fb378d9
,/datadrive2/MOSE_release/train/JPEGImages/1fc0e6a8,45,1280,720,/datadrive2/MOSE_release/train/Annotations/1fc0e6a8,1fc0e6a8,0,44,/datadrive2/MOSE_release/train/Boxes/1fc0e6a8
,/datadrive2/MOSE_release/train/JPEGImages/1fc2314b,41,1690,1080,/datadrive2/MOSE_release/train/Annotations/1fc2314b,1fc2314b,0,40,/datadrive2/MOSE_release/train/Boxes/1fc2314b
,/datadrive2/MOSE_release/train/JPEGImages/1fc5e086,54,1280,720,/datadrive2/MOSE_release/train/Annotations/1fc5e086,1fc5e086,0,53,/datadrive2/MOSE_release/train/Boxes/1fc5e086
,/datadrive2/MOSE_release/train/JPEGImages/1feae28e,192,2160,1215,/datadrive2/MOSE_release/train/Annotations/1feae28e,1feae28e,0,191,/datadrive2/MOSE_release/train/Boxes/1feae28e
,/datadrive2/MOSE_release/train/JPEGImages/2009a00f,12,1280,720,/datadrive2/MOSE_release/train/Annotations/2009a00f,2009a00f,0,11,/datadrive2/MOSE_release/train/Boxes/2009a00f
,/datadrive2/MOSE_release/train/JPEGImages/203733e7,35,1080,648,/datadrive2/MOSE_release/train/Annotations/203733e7,203733e7,0,34,/datadrive2/MOSE_release/train/Boxes/203733e7
,/datadrive2/MOSE_release/train/JPEGImages/20660b72,55,1080,1042,/datadrive2/MOSE_release/train/Annotations/20660b72,20660b72,0,54,/datadrive2/MOSE_release/train/Boxes/20660b72
,/datadrive2/MOSE_release/train/JPEGImages/2080824a,38,960,544,/datadrive2/MOSE_release/train/Annotations/2080824a,2080824a,0,37,/datadrive2/MOSE_release/train/Boxes/2080824a
,/datadrive2/MOSE_release/train/JPEGImages/208fa934,60,1280,720,/datadrive2/MOSE_release/train/Annotations/208fa934,208fa934,0,59,/datadrive2/MOSE_release/train/Boxes/208fa934
,/datadrive2/MOSE_release/train/JPEGImages/214aeac3,156,960,544,/datadrive2/MOSE_release/train/Annotations/214aeac3,214aeac3,0,155,/datadrive2/MOSE_release/train/Boxes/214aeac3
,/datadrive2/MOSE_release/train/JPEGImages/2184bb93,160,1920,945,/datadrive2/MOSE_release/train/Annotations/2184bb93,2184bb93,0,159,/datadrive2/MOSE_release/train/Boxes/2184bb93
,/datadrive2/MOSE_release/train/JPEGImages/21c89360,12,1920,1080,/datadrive2/MOSE_release/train/Annotations/21c89360,21c89360,0,11,/datadrive2/MOSE_release/train/Boxes/21c89360
,/datadrive2/MOSE_release/train/JPEGImages/21f363b3,24,960,544,/datadrive2/MOSE_release/train/Annotations/21f363b3,21f363b3,0,23,/datadrive2/MOSE_release/train/Boxes/21f363b3
,/datadrive2/MOSE_release/train/JPEGImages/21fe05d9,62,1920,994,/datadrive2/MOSE_release/train/Annotations/21fe05d9,21fe05d9,0,61,/datadrive2/MOSE_release/train/Boxes/21fe05d9
,/datadrive2/MOSE_release/train/JPEGImages/220382ab,35,1088,1148,/datadrive2/MOSE_release/train/Annotations/220382ab,220382ab,0,34,/datadrive2/MOSE_release/train/Boxes/220382ab
,/datadrive2/MOSE_release/train/JPEGImages/22167a50,151,1281,720,/datadrive2/MOSE_release/train/Annotations/22167a50,22167a50,0,150,/datadrive2/MOSE_release/train/Boxes/22167a50
,/datadrive2/MOSE_release/train/JPEGImages/228a0234,35,960,544,/datadrive2/MOSE_release/train/Annotations/228a0234,228a0234,0,34,/datadrive2/MOSE_release/train/Boxes/228a0234
,/datadrive2/MOSE_release/train/JPEGImages/22b64500,5,1920,945,/datadrive2/MOSE_release/train/Annotations/22b64500,22b64500,0,4,/datadrive2/MOSE_release/train/Boxes/22b64500
,/datadrive2/MOSE_release/train/JPEGImages/22b69b5c,7,1920,1080,/datadrive2/MOSE_release/train/Annotations/22b69b5c,22b69b5c,0,6,/datadrive2/MOSE_release/train/Boxes/22b69b5c
,/datadrive2/MOSE_release/train/JPEGImages/22e1f53c,60,1920,1080,/datadrive2/MOSE_release/train/Annotations/22e1f53c,22e1f53c,0,59,/datadrive2/MOSE_release/train/Boxes/22e1f53c
,/datadrive2/MOSE_release/train/JPEGImages/22e8b380,94,1280,620,/datadrive2/MOSE_release/train/Annotations/22e8b380,22e8b380,0,93,/datadrive2/MOSE_release/train/Boxes/22e8b380
,/datadrive2/MOSE_release/train/JPEGImages/22fdee40,52,1920,944,/datadrive2/MOSE_release/train/Annotations/22fdee40,22fdee40,0,51,/datadrive2/MOSE_release/train/Boxes/22fdee40
,/datadrive2/MOSE_release/train/JPEGImages/230c2edf,25,1920,1080,/datadrive2/MOSE_release/train/Annotations/230c2edf,230c2edf,0,24,/datadrive2/MOSE_release/train/Boxes/230c2edf
,/datadrive2/MOSE_release/train/JPEGImages/230ddb91,36,640,368,/datadrive2/MOSE_release/train/Annotations/230ddb91,230ddb91,0,35,/datadrive2/MOSE_release/train/Boxes/230ddb91
,/datadrive2/MOSE_release/train/JPEGImages/231d6945,14,960,544,/datadrive2/MOSE_release/train/Annotations/231d6945,231d6945,0,13,/datadrive2/MOSE_release/train/Boxes/231d6945
,/datadrive2/MOSE_release/train/JPEGImages/233406ef,135,1920,1080,/datadrive2/MOSE_release/train/Annotations/233406ef,233406ef,0,134,/datadrive2/MOSE_release/train/Boxes/233406ef
,/datadrive2/MOSE_release/train/JPEGImages/23454d80,36,1920,1080,/datadrive2/MOSE_release/train/Annotations/23454d80,23454d80,0,35,/datadrive2/MOSE_release/train/Boxes/23454d80
,/datadrive2/MOSE_release/train/JPEGImages/23b9a3ea,65,1920,1080,/datadrive2/MOSE_release/train/Annotations/23b9a3ea,23b9a3ea,0,64,/datadrive2/MOSE_release/train/Boxes/23b9a3ea
,/datadrive2/MOSE_release/train/JPEGImages/23df06e1,24,550,360,/datadrive2/MOSE_release/train/Annotations/23df06e1,23df06e1,0,23,/datadrive2/MOSE_release/train/Boxes/23df06e1
,/datadrive2/MOSE_release/train/JPEGImages/23e046fb,25,960,544,/datadrive2/MOSE_release/train/Annotations/23e046fb,23e046fb,0,24,/datadrive2/MOSE_release/train/Boxes/23e046fb
,/datadrive2/MOSE_release/train/JPEGImages/242b74b1,13,1920,944,/datadrive2/MOSE_release/train/Annotations/242b74b1,242b74b1,0,12,/datadrive2/MOSE_release/train/Boxes/242b74b1
,/datadrive2/MOSE_release/train/JPEGImages/2463609b,106,1080,1920,/datadrive2/MOSE_release/train/Annotations/2463609b,2463609b,0,105,/datadrive2/MOSE_release/train/Boxes/2463609b
,/datadrive2/MOSE_release/train/JPEGImages/24df9789,53,1920,1080,/datadrive2/MOSE_release/train/Annotations/24df9789,24df9789,0,52,/datadrive2/MOSE_release/train/Boxes/24df9789
,/datadrive2/MOSE_release/train/JPEGImages/250b5034,30,1920,1080,/datadrive2/MOSE_release/train/Annotations/250b5034,250b5034,0,29,/datadrive2/MOSE_release/train/Boxes/250b5034
,/datadrive2/MOSE_release/train/JPEGImages/25153e58,25,1080,1766,/datadrive2/MOSE_release/train/Annotations/25153e58,25153e58,0,24,/datadrive2/MOSE_release/train/Boxes/25153e58
,/datadrive2/MOSE_release/train/JPEGImages/251bf059,84,1280,720,/datadrive2/MOSE_release/train/Annotations/251bf059,251bf059,0,83,/datadrive2/MOSE_release/train/Boxes/251bf059
,/datadrive2/MOSE_release/train/JPEGImages/255bedbc,16,640,294,/datadrive2/MOSE_release/train/Annotations/255bedbc,255bedbc,0,15,/datadrive2/MOSE_release/train/Boxes/255bedbc
,/datadrive2/MOSE_release/train/JPEGImages/255f86ef,55,1920,872,/datadrive2/MOSE_release/train/Annotations/255f86ef,255f86ef,0,54,/datadrive2/MOSE_release/train/Boxes/255f86ef
,/datadrive2/MOSE_release/train/JPEGImages/258944c8,110,1680,1080,/datadrive2/MOSE_release/train/Annotations/258944c8,258944c8,0,109,/datadrive2/MOSE_release/train/Boxes/258944c8
,/datadrive2/MOSE_release/train/JPEGImages/25af2eeb,41,960,544,/datadrive2/MOSE_release/train/Annotations/25af2eeb,25af2eeb,0,40,/datadrive2/MOSE_release/train/Boxes/25af2eeb
,/datadrive2/MOSE_release/train/JPEGImages/25ef7d43,54,1920,975,/datadrive2/MOSE_release/train/Annotations/25ef7d43,25ef7d43,0,53,/datadrive2/MOSE_release/train/Boxes/25ef7d43
,/datadrive2/MOSE_release/train/JPEGImages/26048547,67,640,368,/datadrive2/MOSE_release/train/Annotations/26048547,26048547,0,66,/datadrive2/MOSE_release/train/Boxes/26048547
,/datadrive2/MOSE_release/train/JPEGImages/26163977,42,544,315,/datadrive2/MOSE_release/train/Annotations/26163977,26163977,0,41,/datadrive2/MOSE_release/train/Boxes/26163977
,/datadrive2/MOSE_release/train/JPEGImages/265a69f4,68,1920,1080,/datadrive2/MOSE_release/train/Annotations/265a69f4,265a69f4,0,67,/datadrive2/MOSE_release/train/Boxes/265a69f4
,/datadrive2/MOSE_release/train/JPEGImages/267bfd6c,18,640,310,/datadrive2/MOSE_release/train/Annotations/267bfd6c,267bfd6c,0,17,/datadrive2/MOSE_release/train/Boxes/267bfd6c
,/datadrive2/MOSE_release/train/JPEGImages/2697f864,46,1920,1080,/datadrive2/MOSE_release/train/Annotations/2697f864,2697f864,0,45,/datadrive2/MOSE_release/train/Boxes/2697f864
,/datadrive2/MOSE_release/train/JPEGImages/269872de,50,1778,1080,/datadrive2/MOSE_release/train/Annotations/269872de,269872de,0,49,/datadrive2/MOSE_release/train/Boxes/269872de
,/datadrive2/MOSE_release/train/JPEGImages/26ed56e6,71,1280,720,/datadrive2/MOSE_release/train/Annotations/26ed56e6,26ed56e6,0,70,/datadrive2/MOSE_release/train/Boxes/26ed56e6
,/datadrive2/MOSE_release/train/JPEGImages/2722cebf,4,1920,1080,/datadrive2/MOSE_release/train/Annotations/2722cebf,2722cebf,0,3,/datadrive2/MOSE_release/train/Boxes/2722cebf
,/datadrive2/MOSE_release/train/JPEGImages/2744f35a,14,544,315,/datadrive2/MOSE_release/train/Annotations/2744f35a,2744f35a,0,13,/datadrive2/MOSE_release/train/Boxes/2744f35a
,/datadrive2/MOSE_release/train/JPEGImages/274fe944,31,2160,3840,/datadrive2/MOSE_release/train/Annotations/274fe944,274fe944,0,30,/datadrive2/MOSE_release/train/Boxes/274fe944
,/datadrive2/MOSE_release/train/JPEGImages/277ad883,30,1280,720,/datadrive2/MOSE_release/train/Annotations/277ad883,277ad883,0,29,/datadrive2/MOSE_release/train/Boxes/277ad883
,/datadrive2/MOSE_release/train/JPEGImages/2786f841,60,1920,1080,/datadrive2/MOSE_release/train/Annotations/2786f841,2786f841,0,59,/datadrive2/MOSE_release/train/Boxes/2786f841
,/datadrive2/MOSE_release/train/JPEGImages/28191f94,120,1920,1080,/datadrive2/MOSE_release/train/Annotations/28191f94,28191f94,0,119,/datadrive2/MOSE_release/train/Boxes/28191f94
,/datadrive2/MOSE_release/train/JPEGImages/2831ecf5,37,1262,503,/datadrive2/MOSE_release/train/Annotations/2831ecf5,2831ecf5,0,36,/datadrive2/MOSE_release/train/Boxes/2831ecf5
,/datadrive2/MOSE_release/train/JPEGImages/28470fa0,40,1280,720,/datadrive2/MOSE_release/train/Annotations/28470fa0,28470fa0,0,39,/datadrive2/MOSE_release/train/Boxes/28470fa0
,/datadrive2/MOSE_release/train/JPEGImages/2861dd53,9,1050,720,/datadrive2/MOSE_release/train/Annotations/2861dd53,2861dd53,0,8,/datadrive2/MOSE_release/train/Boxes/2861dd53
,/datadrive2/MOSE_release/train/JPEGImages/2883ae72,19,640,317,/datadrive2/MOSE_release/train/Annotations/2883ae72,2883ae72,0,18,/datadrive2/MOSE_release/train/Boxes/2883ae72
,/datadrive2/MOSE_release/train/JPEGImages/2895bb8b,78,1280,720,/datadrive2/MOSE_release/train/Annotations/2895bb8b,2895bb8b,0,77,/datadrive2/MOSE_release/train/Boxes/2895bb8b
,/datadrive2/MOSE_release/train/JPEGImages/28980657,91,720,748,/datadrive2/MOSE_release/train/Annotations/28980657,28980657,0,90,/datadrive2/MOSE_release/train/Boxes/28980657
,/datadrive2/MOSE_release/train/JPEGImages/291d4799,21,1280,720,/datadrive2/MOSE_release/train/Annotations/291d4799,291d4799,0,20,/datadrive2/MOSE_release/train/Boxes/291d4799
,/datadrive2/MOSE_release/train/JPEGImages/294e7bf8,34,1920,1080,/datadrive2/MOSE_release/train/Annotations/294e7bf8,294e7bf8,0,33,/datadrive2/MOSE_release/train/Boxes/294e7bf8
,/datadrive2/MOSE_release/train/JPEGImages/2982de7a,53,512,252,/datadrive2/MOSE_release/train/Annotations/2982de7a,2982de7a,0,52,/datadrive2/MOSE_release/train/Boxes/2982de7a
,/datadrive2/MOSE_release/train/JPEGImages/29a6ddc2,25,1100,576,/datadrive2/MOSE_release/train/Annotations/29a6ddc2,29a6ddc2,0,24,/datadrive2/MOSE_release/train/Boxes/29a6ddc2
,/datadrive2/MOSE_release/train/JPEGImages/29cffe2f,77,1920,975,/datadrive2/MOSE_release/train/Annotations/29cffe2f,29cffe2f,0,76,/datadrive2/MOSE_release/train/Boxes/29cffe2f
,/datadrive2/MOSE_release/train/JPEGImages/29ff29f6,50,960,544,/datadrive2/MOSE_release/train/Annotations/29ff29f6,29ff29f6,0,49,/datadrive2/MOSE_release/train/Boxes/29ff29f6
,/datadrive2/MOSE_release/train/JPEGImages/2a2745e5,40,720,1280,/datadrive2/MOSE_release/train/Annotations/2a2745e5,2a2745e5,0,39,/datadrive2/MOSE_release/train/Boxes/2a2745e5
,/datadrive2/MOSE_release/train/JPEGImages/2a3a0571,54,1280,530,/datadrive2/MOSE_release/train/Annotations/2a3a0571,2a3a0571,0,53,/datadrive2/MOSE_release/train/Boxes/2a3a0571
,/datadrive2/MOSE_release/train/JPEGImages/2ab9ba0f,18,560,252,/datadrive2/MOSE_release/train/Annotations/2ab9ba0f,2ab9ba0f,0,17,/datadrive2/MOSE_release/train/Boxes/2ab9ba0f
,/datadrive2/MOSE_release/train/JPEGImages/2ae75f99,36,1920,1080,/datadrive2/MOSE_release/train/Annotations/2ae75f99,2ae75f99,0,35,/datadrive2/MOSE_release/train/Boxes/2ae75f99
,/datadrive2/MOSE_release/train/JPEGImages/2af0e766,48,960,544,/datadrive2/MOSE_release/train/Annotations/2af0e766,2af0e766,0,47,/datadrive2/MOSE_release/train/Boxes/2af0e766
,/datadrive2/MOSE_release/train/JPEGImages/2b0e34d3,60,1280,720,/datadrive2/MOSE_release/train/Annotations/2b0e34d3,2b0e34d3,0,59,/datadrive2/MOSE_release/train/Boxes/2b0e34d3
,/datadrive2/MOSE_release/train/JPEGImages/2bc0bba4,51,604,1280,/datadrive2/MOSE_release/train/Annotations/2bc0bba4,2bc0bba4,0,50,/datadrive2/MOSE_release/train/Boxes/2bc0bba4
,/datadrive2/MOSE_release/train/JPEGImages/2bcd6c3b,38,1920,944,/datadrive2/MOSE_release/train/Annotations/2bcd6c3b,2bcd6c3b,0,37,/datadrive2/MOSE_release/train/Boxes/2bcd6c3b
,/datadrive2/MOSE_release/train/JPEGImages/2bd4e845,70,1652,1080,/datadrive2/MOSE_release/train/Annotations/2bd4e845,2bd4e845,0,69,/datadrive2/MOSE_release/train/Boxes/2bd4e845
,/datadrive2/MOSE_release/train/JPEGImages/2bdb692f,86,1680,1080,/datadrive2/MOSE_release/train/Annotations/2bdb692f,2bdb692f,0,85,/datadrive2/MOSE_release/train/Boxes/2bdb692f
,/datadrive2/MOSE_release/train/JPEGImages/2bf49664,36,1280,720,/datadrive2/MOSE_release/train/Annotations/2bf49664,2bf49664,0,35,/datadrive2/MOSE_release/train/Boxes/2bf49664
,/datadrive2/MOSE_release/train/JPEGImages/2c0b9d99,70,1920,945,/datadrive2/MOSE_release/train/Annotations/2c0b9d99,2c0b9d99,0,69,/datadrive2/MOSE_release/train/Boxes/2c0b9d99
,/datadrive2/MOSE_release/train/JPEGImages/2c713560,63,1920,1080,/datadrive2/MOSE_release/train/Annotations/2c713560,2c713560,0,62,/datadrive2/MOSE_release/train/Boxes/2c713560
,/datadrive2/MOSE_release/train/JPEGImages/2cd705a9,48,1920,1080,/datadrive2/MOSE_release/train/Annotations/2cd705a9,2cd705a9,0,47,/datadrive2/MOSE_release/train/Boxes/2cd705a9
,/datadrive2/MOSE_release/train/JPEGImages/2d16ceeb,21,1920,1080,/datadrive2/MOSE_release/train/Annotations/2d16ceeb,2d16ceeb,0,20,/datadrive2/MOSE_release/train/Boxes/2d16ceeb
,/datadrive2/MOSE_release/train/JPEGImages/2d22d3be,48,1920,1088,/datadrive2/MOSE_release/train/Annotations/2d22d3be,2d22d3be,0,47,/datadrive2/MOSE_release/train/Boxes/2d22d3be
,/datadrive2/MOSE_release/train/JPEGImages/2d3b0320,179,1239,1080,/datadrive2/MOSE_release/train/Annotations/2d3b0320,2d3b0320,0,178,/datadrive2/MOSE_release/train/Boxes/2d3b0320
,/datadrive2/MOSE_release/train/JPEGImages/2d403c59,18,960,544,/datadrive2/MOSE_release/train/Annotations/2d403c59,2d403c59,0,17,/datadrive2/MOSE_release/train/Boxes/2d403c59
,/datadrive2/MOSE_release/train/JPEGImages/2d65d2ac,28,3840,2160,/datadrive2/MOSE_release/train/Annotations/2d65d2ac,2d65d2ac,0,27,/datadrive2/MOSE_release/train/Boxes/2d65d2ac
,/datadrive2/MOSE_release/train/JPEGImages/2d893fb7,53,1280,720,/datadrive2/MOSE_release/train/Annotations/2d893fb7,2d893fb7,0,52,/datadrive2/MOSE_release/train/Boxes/2d893fb7
,/datadrive2/MOSE_release/train/JPEGImages/2d8d7d35,27,1080,1920,/datadrive2/MOSE_release/train/Annotations/2d8d7d35,2d8d7d35,0,26,/datadrive2/MOSE_release/train/Boxes/2d8d7d35
,/datadrive2/MOSE_release/train/JPEGImages/2d9101b8,27,1280,570,/datadrive2/MOSE_release/train/Annotations/2d9101b8,2d9101b8,0,26,/datadrive2/MOSE_release/train/Boxes/2d9101b8
,/datadrive2/MOSE_release/train/JPEGImages/2da12766,45,1766,944,/datadrive2/MOSE_release/train/Annotations/2da12766,2da12766,0,44,/datadrive2/MOSE_release/train/Boxes/2da12766
,/datadrive2/MOSE_release/train/JPEGImages/2e0967f7,10,1262,503,/datadrive2/MOSE_release/train/Annotations/2e0967f7,2e0967f7,0,9,/datadrive2/MOSE_release/train/Boxes/2e0967f7
,/datadrive2/MOSE_release/train/JPEGImages/2e85e35d,101,960,544,/datadrive2/MOSE_release/train/Annotations/2e85e35d,2e85e35d,0,100,/datadrive2/MOSE_release/train/Boxes/2e85e35d
,/datadrive2/MOSE_release/train/JPEGImages/2e85e790,22,1920,1080,/datadrive2/MOSE_release/train/Annotations/2e85e790,2e85e790,0,21,/datadrive2/MOSE_release/train/Boxes/2e85e790
,/datadrive2/MOSE_release/train/JPEGImages/2e92a7dc,41,720,1280,/datadrive2/MOSE_release/train/Annotations/2e92a7dc,2e92a7dc,0,40,/datadrive2/MOSE_release/train/Boxes/2e92a7dc
,/datadrive2/MOSE_release/train/JPEGImages/2ea465de,200,1280,720,/datadrive2/MOSE_release/train/Annotations/2ea465de,2ea465de,0,199,/datadrive2/MOSE_release/train/Boxes/2ea465de
,/datadrive2/MOSE_release/train/JPEGImages/2eb73c7c,30,1920,994,/datadrive2/MOSE_release/train/Annotations/2eb73c7c,2eb73c7c,0,29,/datadrive2/MOSE_release/train/Boxes/2eb73c7c
,/datadrive2/MOSE_release/train/JPEGImages/2efd5e50,104,887,720,/datadrive2/MOSE_release/train/Annotations/2efd5e50,2efd5e50,0,103,/datadrive2/MOSE_release/train/Boxes/2efd5e50
,/datadrive2/MOSE_release/train/JPEGImages/2f477d05,160,1920,945,/datadrive2/MOSE_release/train/Annotations/2f477d05,2f477d05,0,159,/datadrive2/MOSE_release/train/Boxes/2f477d05
,/datadrive2/MOSE_release/train/JPEGImages/2f49220a,66,1920,1072,/datadrive2/MOSE_release/train/Annotations/2f49220a,2f49220a,0,65,/datadrive2/MOSE_release/train/Boxes/2f49220a
,/datadrive2/MOSE_release/train/JPEGImages/2f5fb2a3,26,544,976,/datadrive2/MOSE_release/train/Annotations/2f5fb2a3,2f5fb2a3,0,25,/datadrive2/MOSE_release/train/Boxes/2f5fb2a3
,/datadrive2/MOSE_release/train/JPEGImages/2f7c71bb,23,1920,1080,/datadrive2/MOSE_release/train/Annotations/2f7c71bb,2f7c71bb,0,22,/datadrive2/MOSE_release/train/Boxes/2f7c71bb
,/datadrive2/MOSE_release/train/JPEGImages/2f9d0911,28,1920,1080,/datadrive2/MOSE_release/train/Annotations/2f9d0911,2f9d0911,0,27,/datadrive2/MOSE_release/train/Boxes/2f9d0911
,/datadrive2/MOSE_release/train/JPEGImages/2f9e704c,3,1920,896,/datadrive2/MOSE_release/train/Annotations/2f9e704c,2f9e704c,0,2,/datadrive2/MOSE_release/train/Boxes/2f9e704c
,/datadrive2/MOSE_release/train/JPEGImages/2fa9c523,52,1920,860,/datadrive2/MOSE_release/train/Annotations/2fa9c523,2fa9c523,0,51,/datadrive2/MOSE_release/train/Boxes/2fa9c523
,/datadrive2/MOSE_release/train/JPEGImages/2fb5a55b,84,1920,1080,/datadrive2/MOSE_release/train/Annotations/2fb5a55b,2fb5a55b,0,83,/datadrive2/MOSE_release/train/Boxes/2fb5a55b
,/datadrive2/MOSE_release/train/JPEGImages/2fc476f9,41,512,252,/datadrive2/MOSE_release/train/Annotations/2fc476f9,2fc476f9,0,40,/datadrive2/MOSE_release/train/Boxes/2fc476f9
,/datadrive2/MOSE_release/train/JPEGImages/2fdae3c5,48,1920,1004,/datadrive2/MOSE_release/train/Annotations/2fdae3c5,2fdae3c5,0,47,/datadrive2/MOSE_release/train/Boxes/2fdae3c5
,/datadrive2/MOSE_release/train/JPEGImages/3020b38f,35,1920,1080,/datadrive2/MOSE_release/train/Annotations/3020b38f,3020b38f,0,34,/datadrive2/MOSE_release/train/Boxes/3020b38f
,/datadrive2/MOSE_release/train/JPEGImages/305731ed,3,1920,1080,/datadrive2/MOSE_release/train/Annotations/305731ed,305731ed,0,2,/datadrive2/MOSE_release/train/Boxes/305731ed
,/datadrive2/MOSE_release/train/JPEGImages/3067f9fa,89,1080,1920,/datadrive2/MOSE_release/train/Annotations/3067f9fa,3067f9fa,0,88,/datadrive2/MOSE_release/train/Boxes/3067f9fa
,/datadrive2/MOSE_release/train/JPEGImages/30d1cb6b,14,1690,1080,/datadrive2/MOSE_release/train/Annotations/30d1cb6b,30d1cb6b,0,13,/datadrive2/MOSE_release/train/Boxes/30d1cb6b
,/datadrive2/MOSE_release/train/JPEGImages/30e41f1e,35,1920,1080,/datadrive2/MOSE_release/train/Annotations/30e41f1e,30e41f1e,0,34,/datadrive2/MOSE_release/train/Boxes/30e41f1e
,/datadrive2/MOSE_release/train/JPEGImages/3135d31d,36,960,544,/datadrive2/MOSE_release/train/Annotations/3135d31d,3135d31d,0,35,/datadrive2/MOSE_release/train/Boxes/3135d31d
,/datadrive2/MOSE_release/train/JPEGImages/3142014e,120,1920,1080,/datadrive2/MOSE_release/train/Annotations/3142014e,3142014e,0,119,/datadrive2/MOSE_release/train/Boxes/3142014e
,/datadrive2/MOSE_release/train/JPEGImages/3158be0b,24,572,327,/datadrive2/MOSE_release/train/Annotations/3158be0b,3158be0b,0,23,/datadrive2/MOSE_release/train/Boxes/3158be0b
,/datadrive2/MOSE_release/train/JPEGImages/316931f8,108,1920,1080,/datadrive2/MOSE_release/train/Annotations/316931f8,316931f8,0,107,/datadrive2/MOSE_release/train/Boxes/316931f8
,/datadrive2/MOSE_release/train/JPEGImages/31782173,4,1280,720,/datadrive2/MOSE_release/train/Annotations/31782173,31782173,0,3,/datadrive2/MOSE_release/train/Boxes/31782173
,/datadrive2/MOSE_release/train/JPEGImages/3184a7ec,80,1912,1012,/datadrive2/MOSE_release/train/Annotations/3184a7ec,3184a7ec,0,79,/datadrive2/MOSE_release/train/Boxes/3184a7ec
,/datadrive2/MOSE_release/train/JPEGImages/31ac3d98,48,1920,1080,/datadrive2/MOSE_release/train/Annotations/31ac3d98,31ac3d98,0,47,/datadrive2/MOSE_release/train/Boxes/31ac3d98
,/datadrive2/MOSE_release/train/JPEGImages/31af515d,41,1920,1072,/datadrive2/MOSE_release/train/Annotations/31af515d,31af515d,0,40,/datadrive2/MOSE_release/train/Boxes/31af515d
,/datadrive2/MOSE_release/train/JPEGImages/31b09833,45,1280,630,/datadrive2/MOSE_release/train/Annotations/31b09833,31b09833,0,44,/datadrive2/MOSE_release/train/Boxes/31b09833
,/datadrive2/MOSE_release/train/JPEGImages/31caacec,46,1280,720,/datadrive2/MOSE_release/train/Annotations/31caacec,31caacec,0,45,/datadrive2/MOSE_release/train/Boxes/31caacec
,/datadrive2/MOSE_release/train/JPEGImages/31e0e2ff,4,1280,720,/datadrive2/MOSE_release/train/Annotations/31e0e2ff,31e0e2ff,0,3,/datadrive2/MOSE_release/train/Boxes/31e0e2ff
,/datadrive2/MOSE_release/train/JPEGImages/323c4236,21,640,294,/datadrive2/MOSE_release/train/Annotations/323c4236,323c4236,0,20,/datadrive2/MOSE_release/train/Boxes/323c4236
,/datadrive2/MOSE_release/train/JPEGImages/327cd258,170,720,1280,/datadrive2/MOSE_release/train/Annotations/327cd258,327cd258,0,169,/datadrive2/MOSE_release/train/Boxes/327cd258
,/datadrive2/MOSE_release/train/JPEGImages/32dc49d4,56,960,472,/datadrive2/MOSE_release/train/Annotations/32dc49d4,32dc49d4,0,55,/datadrive2/MOSE_release/train/Boxes/32dc49d4
,/datadrive2/MOSE_release/train/JPEGImages/32e5d721,51,1920,896,/datadrive2/MOSE_release/train/Annotations/32e5d721,32e5d721,0,50,/datadrive2/MOSE_release/train/Boxes/32e5d721
,/datadrive2/MOSE_release/train/JPEGImages/32ecef67,70,1920,945,/datadrive2/MOSE_release/train/Annotations/32ecef67,32ecef67,0,69,/datadrive2/MOSE_release/train/Boxes/32ecef67
,/datadrive2/MOSE_release/train/JPEGImages/33015509,15,1080,1766,/datadrive2/MOSE_release/train/Annotations/33015509,33015509,0,14,/datadrive2/MOSE_release/train/Boxes/33015509
,/datadrive2/MOSE_release/train/JPEGImages/330ac20d,3,2160,3840,/datadrive2/MOSE_release/train/Annotations/330ac20d,330ac20d,0,2,/datadrive2/MOSE_release/train/Boxes/330ac20d
,/datadrive2/MOSE_release/train/JPEGImages/333bdbdc,15,1920,860,/datadrive2/MOSE_release/train/Annotations/333bdbdc,333bdbdc,0,14,/datadrive2/MOSE_release/train/Boxes/333bdbdc
,/datadrive2/MOSE_release/train/JPEGImages/33602f6b,94,1080,1920,/datadrive2/MOSE_release/train/Annotations/33602f6b,33602f6b,0,93,/datadrive2/MOSE_release/train/Boxes/33602f6b
,/datadrive2/MOSE_release/train/JPEGImages/337dfa1e,127,1280,720,/datadrive2/MOSE_release/train/Annotations/337dfa1e,337dfa1e,0,126,/datadrive2/MOSE_release/train/Boxes/337dfa1e
,/datadrive2/MOSE_release/train/JPEGImages/33a04ef2,53,1920,872,/datadrive2/MOSE_release/train/Annotations/33a04ef2,33a04ef2,0,52,/datadrive2/MOSE_release/train/Boxes/33a04ef2
,/datadrive2/MOSE_release/train/JPEGImages/33f9ab47,45,1920,928,/datadrive2/MOSE_release/train/Annotations/33f9ab47,33f9ab47,0,44,/datadrive2/MOSE_release/train/Boxes/33f9ab47
,/datadrive2/MOSE_release/train/JPEGImages/342c0b2a,44,1280,648,/datadrive2/MOSE_release/train/Annotations/342c0b2a,342c0b2a,0,43,/datadrive2/MOSE_release/train/Boxes/342c0b2a
,/datadrive2/MOSE_release/train/JPEGImages/3437ed4f,3,1920,1080,/datadrive2/MOSE_release/train/Annotations/3437ed4f,3437ed4f,0,2,/datadrive2/MOSE_release/train/Boxes/3437ed4f
,/datadrive2/MOSE_release/train/JPEGImages/34504f63,84,2336,1080,/datadrive2/MOSE_release/train/Annotations/34504f63,34504f63,0,83,/datadrive2/MOSE_release/train/Boxes/34504f63
,/datadrive2/MOSE_release/train/JPEGImages/34535f5f,65,1920,928,/datadrive2/MOSE_release/train/Annotations/34535f5f,34535f5f,0,64,/datadrive2/MOSE_release/train/Boxes/34535f5f
,/datadrive2/MOSE_release/train/JPEGImages/34a5f964,89,1920,1080,/datadrive2/MOSE_release/train/Annotations/34a5f964,34a5f964,0,88,/datadrive2/MOSE_release/train/Boxes/34a5f964
,/datadrive2/MOSE_release/train/JPEGImages/34ccea00,84,640,640,/datadrive2/MOSE_release/train/Annotations/34ccea00,34ccea00,0,83,/datadrive2/MOSE_release/train/Boxes/34ccea00
,/datadrive2/MOSE_release/train/JPEGImages/356e0fcb,71,1920,945,/datadrive2/MOSE_release/train/Annotations/356e0fcb,356e0fcb,0,70,/datadrive2/MOSE_release/train/Boxes/356e0fcb
,/datadrive2/MOSE_release/train/JPEGImages/3588ea03,64,828,471,/datadrive2/MOSE_release/train/Annotations/3588ea03,3588ea03,0,63,/datadrive2/MOSE_release/train/Boxes/3588ea03
,/datadrive2/MOSE_release/train/JPEGImages/359003f8,266,2336,1080,/datadrive2/MOSE_release/train/Annotations/359003f8,359003f8,0,265,/datadrive2/MOSE_release/train/Boxes/359003f8
,/datadrive2/MOSE_release/train/JPEGImages/3592425a,47,3840,2160,/datadrive2/MOSE_release/train/Annotations/3592425a,3592425a,0,46,/datadrive2/MOSE_release/train/Boxes/3592425a
,/datadrive2/MOSE_release/train/JPEGImages/35e0ca09,150,1920,1080,/datadrive2/MOSE_release/train/Annotations/35e0ca09,35e0ca09,0,149,/datadrive2/MOSE_release/train/Boxes/35e0ca09
,/datadrive2/MOSE_release/train/JPEGImages/3657c62b,43,960,544,/datadrive2/MOSE_release/train/Annotations/3657c62b,3657c62b,0,42,/datadrive2/MOSE_release/train/Boxes/3657c62b
,/datadrive2/MOSE_release/train/JPEGImages/36cc4055,53,1104,544,/datadrive2/MOSE_release/train/Annotations/36cc4055,36cc4055,0,52,/datadrive2/MOSE_release/train/Boxes/36cc4055
,/datadrive2/MOSE_release/train/JPEGImages/36dcb93f,61,1088,722,/datadrive2/MOSE_release/train/Annotations/36dcb93f,36dcb93f,0,60,/datadrive2/MOSE_release/train/Boxes/36dcb93f
,/datadrive2/MOSE_release/train/JPEGImages/3722f6fe,19,544,315,/datadrive2/MOSE_release/train/Annotations/3722f6fe,3722f6fe,0,18,/datadrive2/MOSE_release/train/Boxes/3722f6fe
,/datadrive2/MOSE_release/train/JPEGImages/37303a3b,48,1920,1080,/datadrive2/MOSE_release/train/Annotations/37303a3b,37303a3b,0,47,/datadrive2/MOSE_release/train/Boxes/37303a3b
,/datadrive2/MOSE_release/train/JPEGImages/37549a79,30,1280,648,/datadrive2/MOSE_release/train/Annotations/37549a79,37549a79,0,29,/datadrive2/MOSE_release/train/Boxes/37549a79
,/datadrive2/MOSE_release/train/JPEGImages/376dd830,18,1080,1920,/datadrive2/MOSE_release/train/Annotations/376dd830,376dd830,0,17,/datadrive2/MOSE_release/train/Boxes/376dd830
,/datadrive2/MOSE_release/train/JPEGImages/378430d5,23,550,360,/datadrive2/MOSE_release/train/Annotations/378430d5,378430d5,0,22,/datadrive2/MOSE_release/train/Boxes/378430d5
,/datadrive2/MOSE_release/train/JPEGImages/3784e3f6,16,1280,720,/datadrive2/MOSE_release/train/Annotations/3784e3f6,3784e3f6,0,15,/datadrive2/MOSE_release/train/Boxes/3784e3f6
,/datadrive2/MOSE_release/train/JPEGImages/37af282a,52,1100,720,/datadrive2/MOSE_release/train/Annotations/37af282a,37af282a,0,51,/datadrive2/MOSE_release/train/Boxes/37af282a
,/datadrive2/MOSE_release/train/JPEGImages/37af9ac1,300,1920,994,/datadrive2/MOSE_release/train/Annotations/37af9ac1,37af9ac1,0,299,/datadrive2/MOSE_release/train/Boxes/37af9ac1
,/datadrive2/MOSE_release/train/JPEGImages/37b07a28,62,1920,1080,/datadrive2/MOSE_release/train/Annotations/37b07a28,37b07a28,0,61,/datadrive2/MOSE_release/train/Boxes/37b07a28
,/datadrive2/MOSE_release/train/JPEGImages/37bb38fe,152,1920,945,/datadrive2/MOSE_release/train/Annotations/37bb38fe,37bb38fe,0,151,/datadrive2/MOSE_release/train/Boxes/37bb38fe
,/datadrive2/MOSE_release/train/JPEGImages/37bf7edf,90,1280,620,/datadrive2/MOSE_release/train/Annotations/37bf7edf,37bf7edf,0,89,/datadrive2/MOSE_release/train/Boxes/37bf7edf
,/datadrive2/MOSE_release/train/JPEGImages/38030c69,25,1920,1080,/datadrive2/MOSE_release/train/Annotations/38030c69,38030c69,0,24,/datadrive2/MOSE_release/train/Boxes/38030c69
,/datadrive2/MOSE_release/train/JPEGImages/38568758,13,1920,944,/datadrive2/MOSE_release/train/Annotations/38568758,38568758,0,12,/datadrive2/MOSE_release/train/Boxes/38568758
,/datadrive2/MOSE_release/train/JPEGImages/395224b3,22,1920,896,/datadrive2/MOSE_release/train/Annotations/395224b3,395224b3,0,21,/datadrive2/MOSE_release/train/Boxes/395224b3
,/datadrive2/MOSE_release/train/JPEGImages/398d41f5,60,1918,972,/datadrive2/MOSE_release/train/Annotations/398d41f5,398d41f5,0,59,/datadrive2/MOSE_release/train/Boxes/398d41f5
,/datadrive2/MOSE_release/train/JPEGImages/39cc637e,43,720,1280,/datadrive2/MOSE_release/train/Annotations/39cc637e,39cc637e,0,42,/datadrive2/MOSE_release/train/Boxes/39cc637e
,/datadrive2/MOSE_release/train/JPEGImages/3a407bd9,30,1280,720,/datadrive2/MOSE_release/train/Annotations/3a407bd9,3a407bd9,0,29,/datadrive2/MOSE_release/train/Boxes/3a407bd9
,/datadrive2/MOSE_release/train/JPEGImages/3a670b81,54,1076,720,/datadrive2/MOSE_release/train/Annotations/3a670b81,3a670b81,0,53,/datadrive2/MOSE_release/train/Boxes/3a670b81
,/datadrive2/MOSE_release/train/JPEGImages/3a6e6ace,175,1920,994,/datadrive2/MOSE_release/train/Annotations/3a6e6ace,3a6e6ace,0,174,/datadrive2/MOSE_release/train/Boxes/3a6e6ace
,/datadrive2/MOSE_release/train/JPEGImages/3a739934,45,1050,720,/datadrive2/MOSE_release/train/Annotations/3a739934,3a739934,0,44,/datadrive2/MOSE_release/train/Boxes/3a739934
,/datadrive2/MOSE_release/train/JPEGImages/3a8ddc0a,34,1280,720,/datadrive2/MOSE_release/train/Annotations/3a8ddc0a,3a8ddc0a,0,33,/datadrive2/MOSE_release/train/Boxes/3a8ddc0a
,/datadrive2/MOSE_release/train/JPEGImages/3aab2d13,38,448,960,/datadrive2/MOSE_release/train/Annotations/3aab2d13,3aab2d13,0,37,/datadrive2/MOSE_release/train/Boxes/3aab2d13
,/datadrive2/MOSE_release/train/JPEGImages/3ab5abc1,4,1920,975,/datadrive2/MOSE_release/train/Annotations/3ab5abc1,3ab5abc1,0,3,/datadrive2/MOSE_release/train/Boxes/3ab5abc1
,/datadrive2/MOSE_release/train/JPEGImages/3ae0bc5d,43,1920,872,/datadrive2/MOSE_release/train/Annotations/3ae0bc5d,3ae0bc5d,0,42,/datadrive2/MOSE_release/train/Boxes/3ae0bc5d
,/datadrive2/MOSE_release/train/JPEGImages/3afd02d7,11,1920,945,/datadrive2/MOSE_release/train/Annotations/3afd02d7,3afd02d7,0,10,/datadrive2/MOSE_release/train/Boxes/3afd02d7
,/datadrive2/MOSE_release/train/JPEGImages/3b19c5c3,73,1280,720,/datadrive2/MOSE_release/train/Annotations/3b19c5c3,3b19c5c3,0,72,/datadrive2/MOSE_release/train/Boxes/3b19c5c3
,/datadrive2/MOSE_release/train/JPEGImages/3b1a4616,40,572,328,/datadrive2/MOSE_release/train/Annotations/3b1a4616,3b1a4616,0,39,/datadrive2/MOSE_release/train/Boxes/3b1a4616
,/datadrive2/MOSE_release/train/JPEGImages/3b671a61,36,1080,1920,/datadrive2/MOSE_release/train/Annotations/3b671a61,3b671a61,0,35,/datadrive2/MOSE_release/train/Boxes/3b671a61
,/datadrive2/MOSE_release/train/JPEGImages/3b97c07b,53,1920,1080,/datadrive2/MOSE_release/train/Annotations/3b97c07b,3b97c07b,0,52,/datadrive2/MOSE_release/train/Boxes/3b97c07b
,/datadrive2/MOSE_release/train/JPEGImages/3ba93641,35,1920,1080,/datadrive2/MOSE_release/train/Annotations/3ba93641,3ba93641,0,34,/datadrive2/MOSE_release/train/Boxes/3ba93641
,/datadrive2/MOSE_release/train/JPEGImages/3bd7facd,55,1920,945,/datadrive2/MOSE_release/train/Annotations/3bd7facd,3bd7facd,0,54,/datadrive2/MOSE_release/train/Boxes/3bd7facd
,/datadrive2/MOSE_release/train/JPEGImages/3bfa8379,46,1920,1080,/datadrive2/MOSE_release/train/Annotations/3bfa8379,3bfa8379,0,45,/datadrive2/MOSE_release/train/Boxes/3bfa8379
,/datadrive2/MOSE_release/train/JPEGImages/3c4b6736,48,1920,1080,/datadrive2/MOSE_release/train/Annotations/3c4b6736,3c4b6736,0,47,/datadrive2/MOSE_release/train/Boxes/3c4b6736
,/datadrive2/MOSE_release/train/JPEGImages/3c87888e,30,1652,1080,/datadrive2/MOSE_release/train/Annotations/3c87888e,3c87888e,0,29,/datadrive2/MOSE_release/train/Boxes/3c87888e
,/datadrive2/MOSE_release/train/JPEGImages/3cf0da1f,3,1080,853,/datadrive2/MOSE_release/train/Annotations/3cf0da1f,3cf0da1f,0,2,/datadrive2/MOSE_release/train/Boxes/3cf0da1f
,/datadrive2/MOSE_release/train/JPEGImages/3d08dadd,30,1709,820,/datadrive2/MOSE_release/train/Annotations/3d08dadd,3d08dadd,0,29,/datadrive2/MOSE_release/train/Boxes/3d08dadd
,/datadrive2/MOSE_release/train/JPEGImages/3d828137,12,960,544,/datadrive2/MOSE_release/train/Annotations/3d828137,3d828137,0,11,/datadrive2/MOSE_release/train/Boxes/3d828137
,/datadrive2/MOSE_release/train/JPEGImages/3d9a7023,29,960,528,/datadrive2/MOSE_release/train/Annotations/3d9a7023,3d9a7023,0,28,/datadrive2/MOSE_release/train/Boxes/3d9a7023
,/datadrive2/MOSE_release/train/JPEGImages/3da63bd5,64,1920,1080,/datadrive2/MOSE_release/train/Annotations/3da63bd5,3da63bd5,0,63,/datadrive2/MOSE_release/train/Boxes/3da63bd5
,/datadrive2/MOSE_release/train/JPEGImages/3e5ad020,54,1280,720,/datadrive2/MOSE_release/train/Annotations/3e5ad020,3e5ad020,0,53,/datadrive2/MOSE_release/train/Boxes/3e5ad020
,/datadrive2/MOSE_release/train/JPEGImages/3ea2f7f2,99,960,544,/datadrive2/MOSE_release/train/Annotations/3ea2f7f2,3ea2f7f2,0,98,/datadrive2/MOSE_release/train/Boxes/3ea2f7f2
,/datadrive2/MOSE_release/train/JPEGImages/3f003746,30,1280,662,/datadrive2/MOSE_release/train/Annotations/3f003746,3f003746,0,29,/datadrive2/MOSE_release/train/Boxes/3f003746
,/datadrive2/MOSE_release/train/JPEGImages/3f09f5c9,113,1920,994,/datadrive2/MOSE_release/train/Annotations/3f09f5c9,3f09f5c9,0,112,/datadrive2/MOSE_release/train/Boxes/3f09f5c9
,/datadrive2/MOSE_release/train/JPEGImages/3f313a2f,13,1920,1080,/datadrive2/MOSE_release/train/Annotations/3f313a2f,3f313a2f,0,12,/datadrive2/MOSE_release/train/Boxes/3f313a2f
,/datadrive2/MOSE_release/train/JPEGImages/3f54a330,28,2340,1080,/datadrive2/MOSE_release/train/Annotations/3f54a330,3f54a330,0,27,/datadrive2/MOSE_release/train/Boxes/3f54a330
,/datadrive2/MOSE_release/train/JPEGImages/3f849de8,12,720,1280,/datadrive2/MOSE_release/train/Annotations/3f849de8,3f849de8,0,11,/datadrive2/MOSE_release/train/Boxes/3f849de8
,/datadrive2/MOSE_release/train/JPEGImages/3ff48b8b,51,966,622,/datadrive2/MOSE_release/train/Annotations/3ff48b8b,3ff48b8b,0,50,/datadrive2/MOSE_release/train/Boxes/3ff48b8b
,/datadrive2/MOSE_release/train/JPEGImages/4017d1b3,25,1920,944,/datadrive2/MOSE_release/train/Annotations/4017d1b3,4017d1b3,0,24,/datadrive2/MOSE_release/train/Boxes/4017d1b3
,/datadrive2/MOSE_release/train/JPEGImages/4023fc77,48,1494,1080,/datadrive2/MOSE_release/train/Annotations/4023fc77,4023fc77,0,47,/datadrive2/MOSE_release/train/Boxes/4023fc77
,/datadrive2/MOSE_release/train/JPEGImages/404e4c58,63,828,471,/datadrive2/MOSE_release/train/Annotations/404e4c58,404e4c58,0,62,/datadrive2/MOSE_release/train/Boxes/404e4c58
,/datadrive2/MOSE_release/train/JPEGImages/405c6000,106,720,720,/datadrive2/MOSE_release/train/Annotations/405c6000,405c6000,0,105,/datadrive2/MOSE_release/train/Boxes/405c6000
,/datadrive2/MOSE_release/train/JPEGImages/405e3ee7,41,1280,720,/datadrive2/MOSE_release/train/Annotations/405e3ee7,405e3ee7,0,40,/datadrive2/MOSE_release/train/Boxes/405e3ee7
,/datadrive2/MOSE_release/train/JPEGImages/406165ff,33,1920,1080,/datadrive2/MOSE_release/train/Annotations/406165ff,406165ff,0,32,/datadrive2/MOSE_release/train/Boxes/406165ff
,/datadrive2/MOSE_release/train/JPEGImages/409dcb8a,166,1280,720,/datadrive2/MOSE_release/train/Annotations/409dcb8a,409dcb8a,0,165,/datadrive2/MOSE_release/train/Boxes/409dcb8a
,/datadrive2/MOSE_release/train/JPEGImages/40c47fa3,28,1920,994,/datadrive2/MOSE_release/train/Annotations/40c47fa3,40c47fa3,0,27,/datadrive2/MOSE_release/train/Boxes/40c47fa3
,/datadrive2/MOSE_release/train/JPEGImages/414ca58b,55,1280,530,/datadrive2/MOSE_release/train/Annotations/414ca58b,414ca58b,0,54,/datadrive2/MOSE_release/train/Boxes/414ca58b
,/datadrive2/MOSE_release/train/JPEGImages/4190c83a,43,960,544,/datadrive2/MOSE_release/train/Annotations/4190c83a,4190c83a,0,42,/datadrive2/MOSE_release/train/Boxes/4190c83a
,/datadrive2/MOSE_release/train/JPEGImages/41c8d0d2,27,848,480,/datadrive2/MOSE_release/train/Annotations/41c8d0d2,41c8d0d2,0,26,/datadrive2/MOSE_release/train/Boxes/41c8d0d2
,/datadrive2/MOSE_release/train/JPEGImages/41dae436,45,1440,711,/datadrive2/MOSE_release/train/Annotations/41dae436,41dae436,0,44,/datadrive2/MOSE_release/train/Boxes/41dae436
,/datadrive2/MOSE_release/train/JPEGImages/423a50e6,78,1778,1080,/datadrive2/MOSE_release/train/Annotations/423a50e6,423a50e6,0,77,/datadrive2/MOSE_release/train/Boxes/423a50e6
,/datadrive2/MOSE_release/train/JPEGImages/42ff84a5,40,960,544,/datadrive2/MOSE_release/train/Annotations/42ff84a5,42ff84a5,0,39,/datadrive2/MOSE_release/train/Boxes/42ff84a5
,/datadrive2/MOSE_release/train/JPEGImages/43030c4c,150,1270,720,/datadrive2/MOSE_release/train/Annotations/43030c4c,43030c4c,0,149,/datadrive2/MOSE_release/train/Boxes/43030c4c
,/datadrive2/MOSE_release/train/JPEGImages/43199a98,62,960,544,/datadrive2/MOSE_release/train/Annotations/43199a98,43199a98,0,61,/datadrive2/MOSE_release/train/Boxes/43199a98
,/datadrive2/MOSE_release/train/JPEGImages/4344808d,492,1536,1080,/datadrive2/MOSE_release/train/Annotations/4344808d,4344808d,0,491,/datadrive2/MOSE_release/train/Boxes/4344808d
,/datadrive2/MOSE_release/train/JPEGImages/4385b2c4,67,1920,1088,/datadrive2/MOSE_release/train/Annotations/4385b2c4,4385b2c4,0,66,/datadrive2/MOSE_release/train/Boxes/4385b2c4
,/datadrive2/MOSE_release/train/JPEGImages/43c04ad2,23,720,1280,/datadrive2/MOSE_release/train/Annotations/43c04ad2,43c04ad2,0,22,/datadrive2/MOSE_release/train/Boxes/43c04ad2
,/datadrive2/MOSE_release/train/JPEGImages/43dc67f7,90,1280,720,/datadrive2/MOSE_release/train/Annotations/43dc67f7,43dc67f7,0,89,/datadrive2/MOSE_release/train/Boxes/43dc67f7
,/datadrive2/MOSE_release/train/JPEGImages/440d5072,21,1920,886,/datadrive2/MOSE_release/train/Annotations/440d5072,440d5072,0,20,/datadrive2/MOSE_release/train/Boxes/440d5072
,/datadrive2/MOSE_release/train/JPEGImages/4411fdee,14,1920,1080,/datadrive2/MOSE_release/train/Annotations/4411fdee,4411fdee,0,13,/datadrive2/MOSE_release/train/Boxes/4411fdee
,/datadrive2/MOSE_release/train/JPEGImages/4414cd3a,34,1920,975,/datadrive2/MOSE_release/train/Annotations/4414cd3a,4414cd3a,0,33,/datadrive2/MOSE_release/train/Boxes/4414cd3a
,/datadrive2/MOSE_release/train/JPEGImages/442ffb54,30,1652,1080,/datadrive2/MOSE_release/train/Annotations/442ffb54,442ffb54,0,29,/datadrive2/MOSE_release/train/Boxes/442ffb54
,/datadrive2/MOSE_release/train/JPEGImages/443332ce,5,1920,1080,/datadrive2/MOSE_release/train/Annotations/443332ce,443332ce,0,4,/datadrive2/MOSE_release/train/Boxes/443332ce
,/datadrive2/MOSE_release/train/JPEGImages/44476e77,118,1920,1080,/datadrive2/MOSE_release/train/Annotations/44476e77,44476e77,0,117,/datadrive2/MOSE_release/train/Boxes/44476e77
,/datadrive2/MOSE_release/train/JPEGImages/4455104a,3,1280,720,/datadrive2/MOSE_release/train/Annotations/4455104a,4455104a,0,2,/datadrive2/MOSE_release/train/Boxes/4455104a
,/datadrive2/MOSE_release/train/JPEGImages/4539b907,66,1280,648,/datadrive2/MOSE_release/train/Annotations/4539b907,4539b907,0,65,/datadrive2/MOSE_release/train/Boxes/4539b907
,/datadrive2/MOSE_release/train/JPEGImages/45572497,60,1920,1080,/datadrive2/MOSE_release/train/Annotations/45572497,45572497,0,59,/datadrive2/MOSE_release/train/Boxes/45572497
,/datadrive2/MOSE_release/train/JPEGImages/460945aa,95,2340,1080,/datadrive2/MOSE_release/train/Annotations/460945aa,460945aa,0,94,/datadrive2/MOSE_release/train/Boxes/460945aa
,/datadrive2/MOSE_release/train/JPEGImages/464066da,37,1920,972,/datadrive2/MOSE_release/train/Annotations/464066da,464066da,0,36,/datadrive2/MOSE_release/train/Boxes/464066da
,/datadrive2/MOSE_release/train/JPEGImages/46705bb3,9,1920,1080,/datadrive2/MOSE_release/train/Annotations/46705bb3,46705bb3,0,8,/datadrive2/MOSE_release/train/Boxes/46705bb3
,/datadrive2/MOSE_release/train/JPEGImages/467bca9c,8,1766,944,/datadrive2/MOSE_release/train/Annotations/467bca9c,467bca9c,0,7,/datadrive2/MOSE_release/train/Boxes/467bca9c
,/datadrive2/MOSE_release/train/JPEGImages/46a502de,45,1280,720,/datadrive2/MOSE_release/train/Annotations/46a502de,46a502de,0,44,/datadrive2/MOSE_release/train/Boxes/46a502de
,/datadrive2/MOSE_release/train/JPEGImages/46d140ea,240,1920,1080,/datadrive2/MOSE_release/train/Annotations/46d140ea,46d140ea,0,239,/datadrive2/MOSE_release/train/Boxes/46d140ea
,/datadrive2/MOSE_release/train/JPEGImages/46e00caf,133,887,720,/datadrive2/MOSE_release/train/Annotations/46e00caf,46e00caf,0,132,/datadrive2/MOSE_release/train/Boxes/46e00caf
,/datadrive2/MOSE_release/train/JPEGImages/47891b4c,47,1920,994,/datadrive2/MOSE_release/train/Annotations/47891b4c,47891b4c,0,46,/datadrive2/MOSE_release/train/Boxes/47891b4c
,/datadrive2/MOSE_release/train/JPEGImages/4795259b,60,1280,720,/datadrive2/MOSE_release/train/Annotations/4795259b,4795259b,0,59,/datadrive2/MOSE_release/train/Boxes/4795259b
,/datadrive2/MOSE_release/train/JPEGImages/48017512,35,1920,1080,/datadrive2/MOSE_release/train/Annotations/48017512,48017512,0,34,/datadrive2/MOSE_release/train/Boxes/48017512
,/datadrive2/MOSE_release/train/JPEGImages/484d48a3,96,1280,720,/datadrive2/MOSE_release/train/Annotations/484d48a3,484d48a3,0,95,/datadrive2/MOSE_release/train/Boxes/484d48a3
,/datadrive2/MOSE_release/train/JPEGImages/48e0bd39,46,2160,1080,/datadrive2/MOSE_release/train/Annotations/48e0bd39,48e0bd39,0,45,/datadrive2/MOSE_release/train/Boxes/48e0bd39
,/datadrive2/MOSE_release/train/JPEGImages/48e2afc5,73,912,436,/datadrive2/MOSE_release/train/Annotations/48e2afc5,48e2afc5,0,72,/datadrive2/MOSE_release/train/Boxes/48e2afc5
,/datadrive2/MOSE_release/train/JPEGImages/48e7cafe,13,1920,944,/datadrive2/MOSE_release/train/Annotations/48e7cafe,48e7cafe,0,12,/datadrive2/MOSE_release/train/Boxes/48e7cafe
,/datadrive2/MOSE_release/train/JPEGImages/48fd97a6,20,1080,1920,/datadrive2/MOSE_release/train/Annotations/48fd97a6,48fd97a6,0,19,/datadrive2/MOSE_release/train/Boxes/48fd97a6
,/datadrive2/MOSE_release/train/JPEGImages/494dd91d,224,1920,1080,/datadrive2/MOSE_release/train/Annotations/494dd91d,494dd91d,0,223,/datadrive2/MOSE_release/train/Boxes/494dd91d
,/datadrive2/MOSE_release/train/JPEGImages/494ecef0,11,1920,1080,/datadrive2/MOSE_release/train/Annotations/494ecef0,494ecef0,0,10,/datadrive2/MOSE_release/train/Boxes/494ecef0
,/datadrive2/MOSE_release/train/JPEGImages/495be321,31,1280,720,/datadrive2/MOSE_release/train/Annotations/495be321,495be321,0,30,/datadrive2/MOSE_release/train/Boxes/495be321
,/datadrive2/MOSE_release/train/JPEGImages/4975a81d,59,1920,1080,/datadrive2/MOSE_release/train/Annotations/4975a81d,4975a81d,0,58,/datadrive2/MOSE_release/train/Boxes/4975a81d
,/datadrive2/MOSE_release/train/JPEGImages/49e5ff4e,60,1888,1080,/datadrive2/MOSE_release/train/Annotations/49e5ff4e,49e5ff4e,0,59,/datadrive2/MOSE_release/train/Boxes/49e5ff4e
,/datadrive2/MOSE_release/train/JPEGImages/49eb0315,59,1920,1080,/datadrive2/MOSE_release/train/Annotations/49eb0315,49eb0315,0,58,/datadrive2/MOSE_release/train/Boxes/49eb0315
,/datadrive2/MOSE_release/train/JPEGImages/49fc9f2e,32,1076,720,/datadrive2/MOSE_release/train/Annotations/49fc9f2e,49fc9f2e,0,31,/datadrive2/MOSE_release/train/Boxes/49fc9f2e
,/datadrive2/MOSE_release/train/JPEGImages/4a41cbf8,66,1280,720,/datadrive2/MOSE_release/train/Annotations/4a41cbf8,4a41cbf8,0,65,/datadrive2/MOSE_release/train/Boxes/4a41cbf8
,/datadrive2/MOSE_release/train/JPEGImages/4a6fb202,78,960,544,/datadrive2/MOSE_release/train/Annotations/4a6fb202,4a6fb202,0,77,/datadrive2/MOSE_release/train/Boxes/4a6fb202
,/datadrive2/MOSE_release/train/JPEGImages/4a7162bd,57,1280,720,/datadrive2/MOSE_release/train/Annotations/4a7162bd,4a7162bd,0,56,/datadrive2/MOSE_release/train/Boxes/4a7162bd
,/datadrive2/MOSE_release/train/JPEGImages/4b44dc50,82,1920,1080,/datadrive2/MOSE_release/train/Annotations/4b44dc50,4b44dc50,0,81,/datadrive2/MOSE_release/train/Boxes/4b44dc50
,/datadrive2/MOSE_release/train/JPEGImages/4b9223ee,86,1280,720,/datadrive2/MOSE_release/train/Annotations/4b9223ee,4b9223ee,0,85,/datadrive2/MOSE_release/train/Boxes/4b9223ee
,/datadrive2/MOSE_release/train/JPEGImages/4b96b2c8,37,1920,1080,/datadrive2/MOSE_release/train/Annotations/4b96b2c8,4b96b2c8,0,36,/datadrive2/MOSE_release/train/Boxes/4b96b2c8
,/datadrive2/MOSE_release/train/JPEGImages/4bda7a76,27,1280,720,/datadrive2/MOSE_release/train/Annotations/4bda7a76,4bda7a76,0,26,/datadrive2/MOSE_release/train/Boxes/4bda7a76
,/datadrive2/MOSE_release/train/JPEGImages/4c42c747,58,640,362,/datadrive2/MOSE_release/train/Annotations/4c42c747,4c42c747,0,57,/datadrive2/MOSE_release/train/Boxes/4c42c747
,/datadrive2/MOSE_release/train/JPEGImages/4c56bbea,44,960,472,/datadrive2/MOSE_release/train/Annotations/4c56bbea,4c56bbea,0,43,/datadrive2/MOSE_release/train/Boxes/4c56bbea
,/datadrive2/MOSE_release/train/JPEGImages/4c83eab8,27,720,1280,/datadrive2/MOSE_release/train/Annotations/4c83eab8,4c83eab8,0,26,/datadrive2/MOSE_release/train/Boxes/4c83eab8
,/datadrive2/MOSE_release/train/JPEGImages/4c94e4f3,59,1920,1080,/datadrive2/MOSE_release/train/Annotations/4c94e4f3,4c94e4f3,0,58,/datadrive2/MOSE_release/train/Boxes/4c94e4f3
,/datadrive2/MOSE_release/train/JPEGImages/4ca87c14,19,551,360,/datadrive2/MOSE_release/train/Annotations/4ca87c14,4ca87c14,0,18,/datadrive2/MOSE_release/train/Boxes/4ca87c14
,/datadrive2/MOSE_release/train/JPEGImages/4cb11a5f,42,1080,1920,/datadrive2/MOSE_release/train/Annotations/4cb11a5f,4cb11a5f,0,41,/datadrive2/MOSE_release/train/Boxes/4cb11a5f
,/datadrive2/MOSE_release/train/JPEGImages/4cc8528a,108,1460,864,/datadrive2/MOSE_release/train/Annotations/4cc8528a,4cc8528a,0,107,/datadrive2/MOSE_release/train/Boxes/4cc8528a
,/datadrive2/MOSE_release/train/JPEGImages/4ce088c6,197,1920,1080,/datadrive2/MOSE_release/train/Annotations/4ce088c6,4ce088c6,0,196,/datadrive2/MOSE_release/train/Boxes/4ce088c6
,/datadrive2/MOSE_release/train/JPEGImages/4d09d22a,12,1280,720,/datadrive2/MOSE_release/train/Annotations/4d09d22a,4d09d22a,0,11,/datadrive2/MOSE_release/train/Boxes/4d09d22a
,/datadrive2/MOSE_release/train/JPEGImages/4d65f873,47,551,360,/datadrive2/MOSE_release/train/Annotations/4d65f873,4d65f873,0,46,/datadrive2/MOSE_release/train/Boxes/4d65f873
,/datadrive2/MOSE_release/train/JPEGImages/4d8baafe,123,1920,1080,/datadrive2/MOSE_release/train/Annotations/4d8baafe,4d8baafe,0,122,/datadrive2/MOSE_release/train/Boxes/4d8baafe
,/datadrive2/MOSE_release/train/JPEGImages/4d979d99,22,1920,945,/datadrive2/MOSE_release/train/Annotations/4d979d99,4d979d99,0,21,/datadrive2/MOSE_release/train/Boxes/4d979d99
,/datadrive2/MOSE_release/train/JPEGImages/4e016d5a,72,1920,1080,/datadrive2/MOSE_release/train/Annotations/4e016d5a,4e016d5a,0,71,/datadrive2/MOSE_release/train/Boxes/4e016d5a
,/datadrive2/MOSE_release/train/JPEGImages/4e0597a0,240,1920,945,/datadrive2/MOSE_release/train/Annotations/4e0597a0,4e0597a0,0,239,/datadrive2/MOSE_release/train/Boxes/4e0597a0
,/datadrive2/MOSE_release/train/JPEGImages/4e2b4dc7,45,966,622,/datadrive2/MOSE_release/train/Annotations/4e2b4dc7,4e2b4dc7,0,44,/datadrive2/MOSE_release/train/Boxes/4e2b4dc7
,/datadrive2/MOSE_release/train/JPEGImages/4e3020fe,25,1709,820,/datadrive2/MOSE_release/train/Annotations/4e3020fe,4e3020fe,0,24,/datadrive2/MOSE_release/train/Boxes/4e3020fe
,/datadrive2/MOSE_release/train/JPEGImages/4e4483e7,20,1280,520,/datadrive2/MOSE_release/train/Annotations/4e4483e7,4e4483e7,0,19,/datadrive2/MOSE_release/train/Boxes/4e4483e7
,/datadrive2/MOSE_release/train/JPEGImages/4e6aa1e8,50,1080,1920,/datadrive2/MOSE_release/train/Annotations/4e6aa1e8,4e6aa1e8,0,49,/datadrive2/MOSE_release/train/Boxes/4e6aa1e8
,/datadrive2/MOSE_release/train/JPEGImages/4ea934d8,49,2336,1080,/datadrive2/MOSE_release/train/Annotations/4ea934d8,4ea934d8,0,48,/datadrive2/MOSE_release/train/Boxes/4ea934d8
,/datadrive2/MOSE_release/train/JPEGImages/4ed71139,65,1280,720,/datadrive2/MOSE_release/train/Annotations/4ed71139,4ed71139,0,64,/datadrive2/MOSE_release/train/Boxes/4ed71139
,/datadrive2/MOSE_release/train/JPEGImages/4f5db794,35,1080,1920,/datadrive2/MOSE_release/train/Annotations/4f5db794,4f5db794,0,34,/datadrive2/MOSE_release/train/Boxes/4f5db794
,/datadrive2/MOSE_release/train/JPEGImages/4fa28c89,32,1920,1080,/datadrive2/MOSE_release/train/Annotations/4fa28c89,4fa28c89,0,31,/datadrive2/MOSE_release/train/Boxes/4fa28c89
,/datadrive2/MOSE_release/train/JPEGImages/4fa342f5,45,1280,598,/datadrive2/MOSE_release/train/Annotations/4fa342f5,4fa342f5,0,44,/datadrive2/MOSE_release/train/Boxes/4fa342f5
,/datadrive2/MOSE_release/train/JPEGImages/4fa6d325,43,1080,1116,/datadrive2/MOSE_release/train/Annotations/4fa6d325,4fa6d325,0,42,/datadrive2/MOSE_release/train/Boxes/4fa6d325
,/datadrive2/MOSE_release/train/JPEGImages/50a86faa,26,1018,576,/datadrive2/MOSE_release/train/Annotations/50a86faa,50a86faa,0,25,/datadrive2/MOSE_release/train/Boxes/50a86faa
,/datadrive2/MOSE_release/train/JPEGImages/50ae03b0,19,550,360,/datadrive2/MOSE_release/train/Annotations/50ae03b0,50ae03b0,0,18,/datadrive2/MOSE_release/train/Boxes/50ae03b0
,/datadrive2/MOSE_release/train/JPEGImages/50b91533,16,720,1280,/datadrive2/MOSE_release/train/Annotations/50b91533,50b91533,0,15,/datadrive2/MOSE_release/train/Boxes/50b91533
,/datadrive2/MOSE_release/train/JPEGImages/514490e5,61,890,720,/datadrive2/MOSE_release/train/Annotations/514490e5,514490e5,0,60,/datadrive2/MOSE_release/train/Boxes/514490e5
,/datadrive2/MOSE_release/train/JPEGImages/51586b36,34,1920,1080,/datadrive2/MOSE_release/train/Annotations/51586b36,51586b36,0,33,/datadrive2/MOSE_release/train/Boxes/51586b36
,/datadrive2/MOSE_release/train/JPEGImages/51b8c2e1,30,1280,720,/datadrive2/MOSE_release/train/Annotations/51b8c2e1,51b8c2e1,0,29,/datadrive2/MOSE_release/train/Boxes/51b8c2e1
,/datadrive2/MOSE_release/train/JPEGImages/51befc31,99,1280,662,/datadrive2/MOSE_release/train/Annotations/51befc31,51befc31,0,98,/datadrive2/MOSE_release/train/Boxes/51befc31
,/datadrive2/MOSE_release/train/JPEGImages/51e5ca25,17,1920,972,/datadrive2/MOSE_release/train/Annotations/51e5ca25,51e5ca25,0,16,/datadrive2/MOSE_release/train/Boxes/51e5ca25
,/datadrive2/MOSE_release/train/JPEGImages/51e6fafa,81,1920,1080,/datadrive2/MOSE_release/train/Annotations/51e6fafa,51e6fafa,0,80,/datadrive2/MOSE_release/train/Boxes/51e6fafa
,/datadrive2/MOSE_release/train/JPEGImages/526195de,253,1920,994,/datadrive2/MOSE_release/train/Annotations/526195de,526195de,0,252,/datadrive2/MOSE_release/train/Boxes/526195de
,/datadrive2/MOSE_release/train/JPEGImages/529c6889,24,1280,720,/datadrive2/MOSE_release/train/Annotations/529c6889,529c6889,0,23,/datadrive2/MOSE_release/train/Boxes/529c6889
,/datadrive2/MOSE_release/train/JPEGImages/529df209,33,1920,1080,/datadrive2/MOSE_release/train/Annotations/529df209,529df209,0,32,/datadrive2/MOSE_release/train/Boxes/529df209
,/datadrive2/MOSE_release/train/JPEGImages/52a04667,26,1280,520,/datadrive2/MOSE_release/train/Annotations/52a04667,52a04667,0,25,/datadrive2/MOSE_release/train/Boxes/52a04667
,/datadrive2/MOSE_release/train/JPEGImages/52ddf44c,42,1280,720,/datadrive2/MOSE_release/train/Annotations/52ddf44c,52ddf44c,0,41,/datadrive2/MOSE_release/train/Boxes/52ddf44c
,/datadrive2/MOSE_release/train/JPEGImages/52fa9174,27,1920,972,/datadrive2/MOSE_release/train/Annotations/52fa9174,52fa9174,0,26,/datadrive2/MOSE_release/train/Boxes/52fa9174
,/datadrive2/MOSE_release/train/JPEGImages/531c1c36,62,960,480,/datadrive2/MOSE_release/train/Annotations/531c1c36,531c1c36,0,61,/datadrive2/MOSE_release/train/Boxes/531c1c36
,/datadrive2/MOSE_release/train/JPEGImages/5348d547,42,1920,820,/datadrive2/MOSE_release/train/Annotations/5348d547,5348d547,0,41,/datadrive2/MOSE_release/train/Boxes/5348d547
,/datadrive2/MOSE_release/train/JPEGImages/5397b01d,61,1920,1080,/datadrive2/MOSE_release/train/Annotations/5397b01d,5397b01d,0,60,/datadrive2/MOSE_release/train/Boxes/5397b01d
,/datadrive2/MOSE_release/train/JPEGImages/53dc7db4,35,1920,1080,/datadrive2/MOSE_release/train/Annotations/53dc7db4,53dc7db4,0,34,/datadrive2/MOSE_release/train/Boxes/53dc7db4
,/datadrive2/MOSE_release/train/JPEGImages/53f67585,126,2160,1215,/datadrive2/MOSE_release/train/Annotations/53f67585,53f67585,0,125,/datadrive2/MOSE_release/train/Boxes/53f67585
,/datadrive2/MOSE_release/train/JPEGImages/5411113f,10,1920,1080,/datadrive2/MOSE_release/train/Annotations/5411113f,5411113f,0,9,/datadrive2/MOSE_release/train/Boxes/5411113f
,/datadrive2/MOSE_release/train/JPEGImages/5416fbb7,126,1440,1069,/datadrive2/MOSE_release/train/Annotations/5416fbb7,5416fbb7,0,125,/datadrive2/MOSE_release/train/Boxes/5416fbb7
,/datadrive2/MOSE_release/train/JPEGImages/54273925,48,1104,544,/datadrive2/MOSE_release/train/Annotations/54273925,54273925,0,47,/datadrive2/MOSE_release/train/Boxes/54273925
,/datadrive2/MOSE_release/train/JPEGImages/54364322,21,1920,1080,/datadrive2/MOSE_release/train/Annotations/54364322,54364322,0,20,/datadrive2/MOSE_release/train/Boxes/54364322
,/datadrive2/MOSE_release/train/JPEGImages/544d0d1f,48,572,327,/datadrive2/MOSE_release/train/Annotations/544d0d1f,544d0d1f,0,47,/datadrive2/MOSE_release/train/Boxes/544d0d1f
,/datadrive2/MOSE_release/train/JPEGImages/5457b298,19,1920,918,/datadrive2/MOSE_release/train/Annotations/5457b298,5457b298,0,18,/datadrive2/MOSE_release/train/Boxes/5457b298
,/datadrive2/MOSE_release/train/JPEGImages/5488796e,14,1920,1080,/datadrive2/MOSE_release/train/Annotations/5488796e,5488796e,0,13,/datadrive2/MOSE_release/train/Boxes/5488796e
,/datadrive2/MOSE_release/train/JPEGImages/54b8f502,49,852,620,/datadrive2/MOSE_release/train/Annotations/54b8f502,54b8f502,0,48,/datadrive2/MOSE_release/train/Boxes/54b8f502
,/datadrive2/MOSE_release/train/JPEGImages/54b9dbba,83,640,640,/datadrive2/MOSE_release/train/Annotations/54b9dbba,54b9dbba,0,82,/datadrive2/MOSE_release/train/Boxes/54b9dbba
,/datadrive2/MOSE_release/train/JPEGImages/54b9dea2,25,1920,944,/datadrive2/MOSE_release/train/Annotations/54b9dea2,54b9dea2,0,24,/datadrive2/MOSE_release/train/Boxes/54b9dea2
,/datadrive2/MOSE_release/train/JPEGImages/54eda06d,47,572,327,/datadrive2/MOSE_release/train/Annotations/54eda06d,54eda06d,0,46,/datadrive2/MOSE_release/train/Boxes/54eda06d
,/datadrive2/MOSE_release/train/JPEGImages/550a7357,66,2160,1215,/datadrive2/MOSE_release/train/Annotations/550a7357,550a7357,0,65,/datadrive2/MOSE_release/train/Boxes/550a7357
,/datadrive2/MOSE_release/train/JPEGImages/555aa049,36,1920,1080,/datadrive2/MOSE_release/train/Annotations/555aa049,555aa049,0,35,/datadrive2/MOSE_release/train/Boxes/555aa049
,/datadrive2/MOSE_release/train/JPEGImages/55727ddd,36,1280,720,/datadrive2/MOSE_release/train/Annotations/55727ddd,55727ddd,0,35,/datadrive2/MOSE_release/train/Boxes/55727ddd
,/datadrive2/MOSE_release/train/JPEGImages/55ae6921,31,2340,1080,/datadrive2/MOSE_release/train/Annotations/55ae6921,55ae6921,0,30,/datadrive2/MOSE_release/train/Boxes/55ae6921
,/datadrive2/MOSE_release/train/JPEGImages/55c157f1,11,1920,928,/datadrive2/MOSE_release/train/Annotations/55c157f1,55c157f1,0,10,/datadrive2/MOSE_release/train/Boxes/55c157f1
,/datadrive2/MOSE_release/train/JPEGImages/56199c41,36,1766,944,/datadrive2/MOSE_release/train/Annotations/56199c41,56199c41,0,35,/datadrive2/MOSE_release/train/Boxes/56199c41
,/datadrive2/MOSE_release/train/JPEGImages/561f6380,30,720,1280,/datadrive2/MOSE_release/train/Annotations/561f6380,561f6380,0,29,/datadrive2/MOSE_release/train/Boxes/561f6380
,/datadrive2/MOSE_release/train/JPEGImages/5680be79,40,1280,634,/datadrive2/MOSE_release/train/Annotations/5680be79,5680be79,0,39,/datadrive2/MOSE_release/train/Boxes/5680be79
,/datadrive2/MOSE_release/train/JPEGImages/56a5643a,13,1920,1080,/datadrive2/MOSE_release/train/Annotations/56a5643a,56a5643a,0,12,/datadrive2/MOSE_release/train/Boxes/56a5643a
,/datadrive2/MOSE_release/train/JPEGImages/56b9ce41,17,1920,1080,/datadrive2/MOSE_release/train/Annotations/56b9ce41,56b9ce41,0,16,/datadrive2/MOSE_release/train/Boxes/56b9ce41
,/datadrive2/MOSE_release/train/JPEGImages/56c56ca9,35,2160,3840,/datadrive2/MOSE_release/train/Annotations/56c56ca9,56c56ca9,0,34,/datadrive2/MOSE_release/train/Boxes/56c56ca9
,/datadrive2/MOSE_release/train/JPEGImages/57014c7d,89,1920,1080,/datadrive2/MOSE_release/train/Annotations/57014c7d,57014c7d,0,88,/datadrive2/MOSE_release/train/Boxes/57014c7d
,/datadrive2/MOSE_release/train/JPEGImages/570215ac,51,1920,1080,/datadrive2/MOSE_release/train/Annotations/570215ac,570215ac,0,50,/datadrive2/MOSE_release/train/Boxes/570215ac
,/datadrive2/MOSE_release/train/JPEGImages/571f88a1,79,1920,944,/datadrive2/MOSE_release/train/Annotations/571f88a1,571f88a1,0,78,/datadrive2/MOSE_release/train/Boxes/571f88a1
,/datadrive2/MOSE_release/train/JPEGImages/571fb490,310,1536,1080,/datadrive2/MOSE_release/train/Annotations/571fb490,571fb490,0,309,/datadrive2/MOSE_release/train/Boxes/571fb490
,/datadrive2/MOSE_release/train/JPEGImages/572495b7,50,922,720,/datadrive2/MOSE_release/train/Annotations/572495b7,572495b7,0,49,/datadrive2/MOSE_release/train/Boxes/572495b7
,/datadrive2/MOSE_release/train/JPEGImages/576031e0,83,1280,720,/datadrive2/MOSE_release/train/Annotations/576031e0,576031e0,0,82,/datadrive2/MOSE_release/train/Boxes/576031e0
,/datadrive2/MOSE_release/train/JPEGImages/57895315,55,1920,1080,/datadrive2/MOSE_release/train/Annotations/57895315,57895315,0,54,/datadrive2/MOSE_release/train/Boxes/57895315
,/datadrive2/MOSE_release/train/JPEGImages/578f71da,175,640,480,/datadrive2/MOSE_release/train/Annotations/578f71da,578f71da,0,174,/datadrive2/MOSE_release/train/Boxes/578f71da
,/datadrive2/MOSE_release/train/JPEGImages/579fadec,16,1920,1080,/datadrive2/MOSE_release/train/Annotations/579fadec,579fadec,0,15,/datadrive2/MOSE_release/train/Boxes/579fadec
,/datadrive2/MOSE_release/train/JPEGImages/57ad022e,192,1920,1080,/datadrive2/MOSE_release/train/Annotations/57ad022e,57ad022e,0,191,/datadrive2/MOSE_release/train/Boxes/57ad022e
,/datadrive2/MOSE_release/train/JPEGImages/57c9f6e0,16,1920,1080,/datadrive2/MOSE_release/train/Annotations/57c9f6e0,57c9f6e0,0,15,/datadrive2/MOSE_release/train/Boxes/57c9f6e0
,/datadrive2/MOSE_release/train/JPEGImages/57d47640,7,1280,720,/datadrive2/MOSE_release/train/Annotations/57d47640,57d47640,0,6,/datadrive2/MOSE_release/train/Boxes/57d47640
,/datadrive2/MOSE_release/train/JPEGImages/57f3a53e,235,1280,720,/datadrive2/MOSE_release/train/Annotations/57f3a53e,57f3a53e,0,234,/datadrive2/MOSE_release/train/Boxes/57f3a53e
,/datadrive2/MOSE_release/train/JPEGImages/5825f0e0,60,1920,1080,/datadrive2/MOSE_release/train/Annotations/5825f0e0,5825f0e0,0,59,/datadrive2/MOSE_release/train/Boxes/5825f0e0
,/datadrive2/MOSE_release/train/JPEGImages/58264713,24,960,544,/datadrive2/MOSE_release/train/Annotations/58264713,58264713,0,23,/datadrive2/MOSE_release/train/Boxes/58264713
,/datadrive2/MOSE_release/train/JPEGImages/5845c157,25,1280,720,/datadrive2/MOSE_release/train/Annotations/5845c157,5845c157,0,24,/datadrive2/MOSE_release/train/Boxes/5845c157
,/datadrive2/MOSE_release/train/JPEGImages/584838d4,33,1920,1080,/datadrive2/MOSE_release/train/Annotations/584838d4,584838d4,0,32,/datadrive2/MOSE_release/train/Boxes/584838d4
,/datadrive2/MOSE_release/train/JPEGImages/5879983c,96,1920,1080,/datadrive2/MOSE_release/train/Annotations/5879983c,5879983c,0,95,/datadrive2/MOSE_release/train/Boxes/5879983c
,/datadrive2/MOSE_release/train/JPEGImages/58f16d0b,4,1920,1080,/datadrive2/MOSE_release/train/Annotations/58f16d0b,58f16d0b,0,3,/datadrive2/MOSE_release/train/Boxes/58f16d0b
,/datadrive2/MOSE_release/train/JPEGImages/58f24fa4,77,1920,1080,/datadrive2/MOSE_release/train/Annotations/58f24fa4,58f24fa4,0,76,/datadrive2/MOSE_release/train/Boxes/58f24fa4
,/datadrive2/MOSE_release/train/JPEGImages/592b4dee,55,1652,1080,/datadrive2/MOSE_release/train/Annotations/592b4dee,592b4dee,0,54,/datadrive2/MOSE_release/train/Boxes/592b4dee
,/datadrive2/MOSE_release/train/JPEGImages/5949ee84,39,828,471,/datadrive2/MOSE_release/train/Annotations/5949ee84,5949ee84,0,38,/datadrive2/MOSE_release/train/Boxes/5949ee84
,/datadrive2/MOSE_release/train/JPEGImages/5968c2d8,29,1920,794,/datadrive2/MOSE_release/train/Annotations/5968c2d8,5968c2d8,0,28,/datadrive2/MOSE_release/train/Boxes/5968c2d8
,/datadrive2/MOSE_release/train/JPEGImages/59750be4,49,720,1280,/datadrive2/MOSE_release/train/Annotations/59750be4,59750be4,0,48,/datadrive2/MOSE_release/train/Boxes/59750be4
,/datadrive2/MOSE_release/train/JPEGImages/5984ed74,64,1280,648,/datadrive2/MOSE_release/train/Annotations/5984ed74,5984ed74,0,63,/datadrive2/MOSE_release/train/Boxes/5984ed74
,/datadrive2/MOSE_release/train/JPEGImages/59992293,53,922,720,/datadrive2/MOSE_release/train/Annotations/59992293,59992293,0,52,/datadrive2/MOSE_release/train/Boxes/59992293
,/datadrive2/MOSE_release/train/JPEGImages/59c755a8,27,1920,1080,/datadrive2/MOSE_release/train/Annotations/59c755a8,59c755a8,0,26,/datadrive2/MOSE_release/train/Boxes/59c755a8
,/datadrive2/MOSE_release/train/JPEGImages/59d7a11d,35,1080,1920,/datadrive2/MOSE_release/train/Annotations/59d7a11d,59d7a11d,0,34,/datadrive2/MOSE_release/train/Boxes/59d7a11d
,/datadrive2/MOSE_release/train/JPEGImages/5a064706,115,1280,648,/datadrive2/MOSE_release/train/Annotations/5a064706,5a064706,0,114,/datadrive2/MOSE_release/train/Boxes/5a064706
,/datadrive2/MOSE_release/train/JPEGImages/5a65ffd7,18,1280,720,/datadrive2/MOSE_release/train/Annotations/5a65ffd7,5a65ffd7,0,17,/datadrive2/MOSE_release/train/Boxes/5a65ffd7
,/datadrive2/MOSE_release/train/JPEGImages/5a723c30,23,1080,1920,/datadrive2/MOSE_release/train/Annotations/5a723c30,5a723c30,0,22,/datadrive2/MOSE_release/train/Boxes/5a723c30
,/datadrive2/MOSE_release/train/JPEGImages/5a74660c,129,1920,1080,/datadrive2/MOSE_release/train/Annotations/5a74660c,5a74660c,0,128,/datadrive2/MOSE_release/train/Boxes/5a74660c
,/datadrive2/MOSE_release/train/JPEGImages/5a92a0c1,48,1280,720,/datadrive2/MOSE_release/train/Annotations/5a92a0c1,5a92a0c1,0,47,/datadrive2/MOSE_release/train/Boxes/5a92a0c1
,/datadrive2/MOSE_release/train/JPEGImages/5aa1efda,61,1280,720,/datadrive2/MOSE_release/train/Annotations/5aa1efda,5aa1efda,0,60,/datadrive2/MOSE_release/train/Boxes/5aa1efda
,/datadrive2/MOSE_release/train/JPEGImages/5ae23f9f,39,1920,944,/datadrive2/MOSE_release/train/Annotations/5ae23f9f,5ae23f9f,0,38,/datadrive2/MOSE_release/train/Boxes/5ae23f9f
,/datadrive2/MOSE_release/train/JPEGImages/5ba84e3f,77,1920,920,/datadrive2/MOSE_release/train/Annotations/5ba84e3f,5ba84e3f,0,76,/datadrive2/MOSE_release/train/Boxes/5ba84e3f
,/datadrive2/MOSE_release/train/JPEGImages/5bad0bab,90,1920,1080,/datadrive2/MOSE_release/train/Annotations/5bad0bab,5bad0bab,0,89,/datadrive2/MOSE_release/train/Boxes/5bad0bab
,/datadrive2/MOSE_release/train/JPEGImages/5bc7ea74,181,1920,1080,/datadrive2/MOSE_release/train/Annotations/5bc7ea74,5bc7ea74,0,180,/datadrive2/MOSE_release/train/Boxes/5bc7ea74
,/datadrive2/MOSE_release/train/JPEGImages/5c20c48a,34,960,544,/datadrive2/MOSE_release/train/Annotations/5c20c48a,5c20c48a,0,33,/datadrive2/MOSE_release/train/Boxes/5c20c48a
,/datadrive2/MOSE_release/train/JPEGImages/5c80c82c,69,912,623,/datadrive2/MOSE_release/train/Annotations/5c80c82c,5c80c82c,0,68,/datadrive2/MOSE_release/train/Boxes/5c80c82c
,/datadrive2/MOSE_release/train/JPEGImages/5d2316f6,87,1284,720,/datadrive2/MOSE_release/train/Annotations/5d2316f6,5d2316f6,0,86,/datadrive2/MOSE_release/train/Boxes/5d2316f6
,/datadrive2/MOSE_release/train/JPEGImages/5d24e4ea,35,768,490,/datadrive2/MOSE_release/train/Annotations/5d24e4ea,5d24e4ea,0,34,/datadrive2/MOSE_release/train/Boxes/5d24e4ea
,/datadrive2/MOSE_release/train/JPEGImages/5d518b42,25,1920,944,/datadrive2/MOSE_release/train/Annotations/5d518b42,5d518b42,0,24,/datadrive2/MOSE_release/train/Boxes/5d518b42
,/datadrive2/MOSE_release/train/JPEGImages/5db21df2,63,960,480,/datadrive2/MOSE_release/train/Annotations/5db21df2,5db21df2,0,62,/datadrive2/MOSE_release/train/Boxes/5db21df2
,/datadrive2/MOSE_release/train/JPEGImages/5dcc5238,4,1920,994,/datadrive2/MOSE_release/train/Annotations/5dcc5238,5dcc5238,0,3,/datadrive2/MOSE_release/train/Boxes/5dcc5238
,/datadrive2/MOSE_release/train/JPEGImages/5df8490d,65,1920,1080,/datadrive2/MOSE_release/train/Annotations/5df8490d,5df8490d,0,64,/datadrive2/MOSE_release/train/Boxes/5df8490d
,/datadrive2/MOSE_release/train/JPEGImages/5e167efa,93,1239,1080,/datadrive2/MOSE_release/train/Annotations/5e167efa,5e167efa,0,92,/datadrive2/MOSE_release/train/Boxes/5e167efa
,/datadrive2/MOSE_release/train/JPEGImages/5e80b3dd,40,1920,994,/datadrive2/MOSE_release/train/Annotations/5e80b3dd,5e80b3dd,0,39,/datadrive2/MOSE_release/train/Boxes/5e80b3dd
,/datadrive2/MOSE_release/train/JPEGImages/5e9412c0,55,1906,945,/datadrive2/MOSE_release/train/Annotations/5e9412c0,5e9412c0,0,54,/datadrive2/MOSE_release/train/Boxes/5e9412c0
,/datadrive2/MOSE_release/train/JPEGImages/5ebef6bd,300,1920,1080,/datadrive2/MOSE_release/train/Annotations/5ebef6bd,5ebef6bd,0,299,/datadrive2/MOSE_release/train/Boxes/5ebef6bd
,/datadrive2/MOSE_release/train/JPEGImages/5f14e5d2,42,1920,1080,/datadrive2/MOSE_release/train/Annotations/5f14e5d2,5f14e5d2,0,41,/datadrive2/MOSE_release/train/Boxes/5f14e5d2
,/datadrive2/MOSE_release/train/JPEGImages/5f150435,50,1104,544,/datadrive2/MOSE_release/train/Annotations/5f150435,5f150435,0,49,/datadrive2/MOSE_release/train/Boxes/5f150435
,/datadrive2/MOSE_release/train/JPEGImages/5f3e8022,41,1920,1072,/datadrive2/MOSE_release/train/Annotations/5f3e8022,5f3e8022,0,40,/datadrive2/MOSE_release/train/Boxes/5f3e8022
,/datadrive2/MOSE_release/train/JPEGImages/5f3fcff6,74,1280,720,/datadrive2/MOSE_release/train/Annotations/5f3fcff6,5f3fcff6,0,73,/datadrive2/MOSE_release/train/Boxes/5f3fcff6
,/datadrive2/MOSE_release/train/JPEGImages/5f54d077,38,960,544,/datadrive2/MOSE_release/train/Annotations/5f54d077,5f54d077,0,37,/datadrive2/MOSE_release/train/Boxes/5f54d077
,/datadrive2/MOSE_release/train/JPEGImages/5f8f9545,3,640,289,/datadrive2/MOSE_release/train/Annotations/5f8f9545,5f8f9545,0,2,/datadrive2/MOSE_release/train/Boxes/5f8f9545
,/datadrive2/MOSE_release/train/JPEGImages/5fbff256,91,1920,1080,/datadrive2/MOSE_release/train/Annotations/5fbff256,5fbff256,0,90,/datadrive2/MOSE_release/train/Boxes/5fbff256
,/datadrive2/MOSE_release/train/JPEGImages/5ff72128,38,1920,1080,/datadrive2/MOSE_release/train/Annotations/5ff72128,5ff72128,0,37,/datadrive2/MOSE_release/train/Boxes/5ff72128
,/datadrive2/MOSE_release/train/JPEGImages/6042d64a,97,1680,1080,/datadrive2/MOSE_release/train/Annotations/6042d64a,6042d64a,0,96,/datadrive2/MOSE_release/train/Boxes/6042d64a
,/datadrive2/MOSE_release/train/JPEGImages/60471744,252,1920,994,/datadrive2/MOSE_release/train/Annotations/60471744,60471744,0,251,/datadrive2/MOSE_release/train/Boxes/60471744
,/datadrive2/MOSE_release/train/JPEGImages/6075d6b0,50,1050,720,/datadrive2/MOSE_release/train/Annotations/6075d6b0,6075d6b0,0,49,/datadrive2/MOSE_release/train/Boxes/6075d6b0
,/datadrive2/MOSE_release/train/JPEGImages/607d8ff5,42,1920,1080,/datadrive2/MOSE_release/train/Annotations/607d8ff5,607d8ff5,0,41,/datadrive2/MOSE_release/train/Boxes/607d8ff5
,/datadrive2/MOSE_release/train/JPEGImages/60827ada,150,1280,720,/datadrive2/MOSE_release/train/Annotations/60827ada,60827ada,0,149,/datadrive2/MOSE_release/train/Boxes/60827ada
,/datadrive2/MOSE_release/train/JPEGImages/60ab04c5,101,1280,720,/datadrive2/MOSE_release/train/Annotations/60ab04c5,60ab04c5,0,100,/datadrive2/MOSE_release/train/Boxes/60ab04c5
,/datadrive2/MOSE_release/train/JPEGImages/60b19cd3,12,1280,720,/datadrive2/MOSE_release/train/Annotations/60b19cd3,60b19cd3,0,11,/datadrive2/MOSE_release/train/Boxes/60b19cd3
,/datadrive2/MOSE_release/train/JPEGImages/60f4fa43,66,1018,576,/datadrive2/MOSE_release/train/Annotations/60f4fa43,60f4fa43,0,65,/datadrive2/MOSE_release/train/Boxes/60f4fa43
,/datadrive2/MOSE_release/train/JPEGImages/61403519,103,1027,576,/datadrive2/MOSE_release/train/Annotations/61403519,61403519,0,102,/datadrive2/MOSE_release/train/Boxes/61403519
,/datadrive2/MOSE_release/train/JPEGImages/6149becc,171,1920,1080,/datadrive2/MOSE_release/train/Annotations/6149becc,6149becc,0,170,/datadrive2/MOSE_release/train/Boxes/6149becc
,/datadrive2/MOSE_release/train/JPEGImages/616ad8ec,60,1280,720,/datadrive2/MOSE_release/train/Annotations/616ad8ec,616ad8ec,0,59,/datadrive2/MOSE_release/train/Boxes/616ad8ec
,/datadrive2/MOSE_release/train/JPEGImages/61a2e246,25,1280,720,/datadrive2/MOSE_release/train/Annotations/61a2e246,61a2e246,0,24,/datadrive2/MOSE_release/train/Boxes/61a2e246
,/datadrive2/MOSE_release/train/JPEGImages/61cf0ec8,12,1920,1080,/datadrive2/MOSE_release/train/Annotations/61cf0ec8,61cf0ec8,0,11,/datadrive2/MOSE_release/train/Boxes/61cf0ec8
,/datadrive2/MOSE_release/train/JPEGImages/61d80e22,24,1280,720,/datadrive2/MOSE_release/train/Annotations/61d80e22,61d80e22,0,23,/datadrive2/MOSE_release/train/Boxes/61d80e22
,/datadrive2/MOSE_release/train/JPEGImages/62132822,52,604,1280,/datadrive2/MOSE_release/train/Annotations/62132822,62132822,0,51,/datadrive2/MOSE_release/train/Boxes/62132822
,/datadrive2/MOSE_release/train/JPEGImages/62372d4c,157,1280,720,/datadrive2/MOSE_release/train/Annotations/62372d4c,62372d4c,0,156,/datadrive2/MOSE_release/train/Boxes/62372d4c
,/datadrive2/MOSE_release/train/JPEGImages/62529cd4,160,1920,1080,/datadrive2/MOSE_release/train/Annotations/62529cd4,62529cd4,0,159,/datadrive2/MOSE_release/train/Boxes/62529cd4
,/datadrive2/MOSE_release/train/JPEGImages/628a337b,14,640,360,/datadrive2/MOSE_release/train/Annotations/628a337b,628a337b,0,13,/datadrive2/MOSE_release/train/Boxes/628a337b
,/datadrive2/MOSE_release/train/JPEGImages/62c501f8,198,1920,1080,/datadrive2/MOSE_release/train/Annotations/62c501f8,62c501f8,0,197,/datadrive2/MOSE_release/train/Boxes/62c501f8
,/datadrive2/MOSE_release/train/JPEGImages/62ca45c9,12,1920,1080,/datadrive2/MOSE_release/train/Annotations/62ca45c9,62ca45c9,0,11,/datadrive2/MOSE_release/train/Boxes/62ca45c9
,/datadrive2/MOSE_release/train/JPEGImages/62d44645,86,2340,1080,/datadrive2/MOSE_release/train/Annotations/62d44645,62d44645,0,85,/datadrive2/MOSE_release/train/Boxes/62d44645
,/datadrive2/MOSE_release/train/JPEGImages/631b82bd,22,1920,1080,/datadrive2/MOSE_release/train/Annotations/631b82bd,631b82bd,0,21,/datadrive2/MOSE_release/train/Boxes/631b82bd
,/datadrive2/MOSE_release/train/JPEGImages/63437cf3,70,1920,944,/datadrive2/MOSE_release/train/Annotations/63437cf3,63437cf3,0,69,/datadrive2/MOSE_release/train/Boxes/63437cf3
,/datadrive2/MOSE_release/train/JPEGImages/635577d5,106,1280,720,/datadrive2/MOSE_release/train/Annotations/635577d5,635577d5,0,105,/datadrive2/MOSE_release/train/Boxes/635577d5
,/datadrive2/MOSE_release/train/JPEGImages/637fd121,72,1280,720,/datadrive2/MOSE_release/train/Annotations/637fd121,637fd121,0,71,/datadrive2/MOSE_release/train/Boxes/637fd121
,/datadrive2/MOSE_release/train/JPEGImages/6380dd6f,63,1280,720,/datadrive2/MOSE_release/train/Annotations/6380dd6f,6380dd6f,0,62,/datadrive2/MOSE_release/train/Boxes/6380dd6f
,/datadrive2/MOSE_release/train/JPEGImages/63b37343,30,640,289,/datadrive2/MOSE_release/train/Annotations/63b37343,63b37343,0,29,/datadrive2/MOSE_release/train/Boxes/63b37343
,/datadrive2/MOSE_release/train/JPEGImages/63f138de,49,960,544,/datadrive2/MOSE_release/train/Annotations/63f138de,63f138de,0,48,/datadrive2/MOSE_release/train/Boxes/63f138de
,/datadrive2/MOSE_release/train/JPEGImages/64044df1,60,1920,1080,/datadrive2/MOSE_release/train/Annotations/64044df1,64044df1,0,59,/datadrive2/MOSE_release/train/Boxes/64044df1
,/datadrive2/MOSE_release/train/JPEGImages/645b84f9,27,640,314,/datadrive2/MOSE_release/train/Annotations/645b84f9,645b84f9,0,26,/datadrive2/MOSE_release/train/Boxes/645b84f9
,/datadrive2/MOSE_release/train/JPEGImages/6487110a,22,1920,945,/datadrive2/MOSE_release/train/Annotations/6487110a,6487110a,0,21,/datadrive2/MOSE_release/train/Boxes/6487110a
,/datadrive2/MOSE_release/train/JPEGImages/64914fb6,43,1920,1080,/datadrive2/MOSE_release/train/Annotations/64914fb6,64914fb6,0,42,/datadrive2/MOSE_release/train/Boxes/64914fb6
,/datadrive2/MOSE_release/train/JPEGImages/64b89eb5,171,1280,720,/datadrive2/MOSE_release/train/Annotations/64b89eb5,64b89eb5,0,170,/datadrive2/MOSE_release/train/Boxes/64b89eb5
,/datadrive2/MOSE_release/train/JPEGImages/652929ce,32,1280,720,/datadrive2/MOSE_release/train/Annotations/652929ce,652929ce,0,31,/datadrive2/MOSE_release/train/Boxes/652929ce
,/datadrive2/MOSE_release/train/JPEGImages/65308bdc,25,1920,1080,/datadrive2/MOSE_release/train/Annotations/65308bdc,65308bdc,0,24,/datadrive2/MOSE_release/train/Boxes/65308bdc
,/datadrive2/MOSE_release/train/JPEGImages/6555cdcf,7,1280,720,/datadrive2/MOSE_release/train/Annotations/6555cdcf,6555cdcf,0,6,/datadrive2/MOSE_release/train/Boxes/6555cdcf
,/datadrive2/MOSE_release/train/JPEGImages/657242e8,207,1920,1080,/datadrive2/MOSE_release/train/Annotations/657242e8,657242e8,0,206,/datadrive2/MOSE_release/train/Boxes/657242e8
,/datadrive2/MOSE_release/train/JPEGImages/657c9dd9,65,960,720,/datadrive2/MOSE_release/train/Annotations/657c9dd9,657c9dd9,0,64,/datadrive2/MOSE_release/train/Boxes/657c9dd9
,/datadrive2/MOSE_release/train/JPEGImages/65856fa0,42,1280,720,/datadrive2/MOSE_release/train/Annotations/65856fa0,65856fa0,0,41,/datadrive2/MOSE_release/train/Boxes/65856fa0
,/datadrive2/MOSE_release/train/JPEGImages/6605e67d,60,1920,1080,/datadrive2/MOSE_release/train/Annotations/6605e67d,6605e67d,0,59,/datadrive2/MOSE_release/train/Boxes/6605e67d
,/datadrive2/MOSE_release/train/JPEGImages/660e3b70,143,1280,720,/datadrive2/MOSE_release/train/Annotations/660e3b70,660e3b70,0,142,/datadrive2/MOSE_release/train/Boxes/660e3b70
,/datadrive2/MOSE_release/train/JPEGImages/662487fe,60,960,496,/datadrive2/MOSE_release/train/Annotations/662487fe,662487fe,0,59,/datadrive2/MOSE_release/train/Boxes/662487fe
,/datadrive2/MOSE_release/train/JPEGImages/662a1846,65,1920,1080,/datadrive2/MOSE_release/train/Annotations/662a1846,662a1846,0,64,/datadrive2/MOSE_release/train/Boxes/662a1846
,/datadrive2/MOSE_release/train/JPEGImages/66924c91,13,848,480,/datadrive2/MOSE_release/train/Annotations/66924c91,66924c91,0,12,/datadrive2/MOSE_release/train/Boxes/66924c91
,/datadrive2/MOSE_release/train/JPEGImages/6699eff0,42,2340,1080,/datadrive2/MOSE_release/train/Annotations/6699eff0,6699eff0,0,41,/datadrive2/MOSE_release/train/Boxes/6699eff0
,/datadrive2/MOSE_release/train/JPEGImages/66a25278,228,1920,1088,/datadrive2/MOSE_release/train/Annotations/66a25278,66a25278,0,227,/datadrive2/MOSE_release/train/Boxes/66a25278
,/datadrive2/MOSE_release/train/JPEGImages/67138c33,54,1920,1080,/datadrive2/MOSE_release/train/Annotations/67138c33,67138c33,0,53,/datadrive2/MOSE_release/train/Boxes/67138c33
,/datadrive2/MOSE_release/train/JPEGImages/67191f24,36,1920,1080,/datadrive2/MOSE_release/train/Annotations/67191f24,67191f24,0,35,/datadrive2/MOSE_release/train/Boxes/67191f24
,/datadrive2/MOSE_release/train/JPEGImages/6728528d,225,1920,1080,/datadrive2/MOSE_release/train/Annotations/6728528d,6728528d,0,224,/datadrive2/MOSE_release/train/Boxes/6728528d
,/datadrive2/MOSE_release/train/JPEGImages/673adbcc,39,1920,896,/datadrive2/MOSE_release/train/Annotations/673adbcc,673adbcc,0,38,/datadrive2/MOSE_release/train/Boxes/673adbcc
,/datadrive2/MOSE_release/train/JPEGImages/67408899,48,960,544,/datadrive2/MOSE_release/train/Annotations/67408899,67408899,0,47,/datadrive2/MOSE_release/train/Boxes/67408899
,/datadrive2/MOSE_release/train/JPEGImages/6763a576,70,1280,720,/datadrive2/MOSE_release/train/Annotations/6763a576,6763a576,0,69,/datadrive2/MOSE_release/train/Boxes/6763a576
,/datadrive2/MOSE_release/train/JPEGImages/677c8ed7,13,1920,1080,/datadrive2/MOSE_release/train/Annotations/677c8ed7,677c8ed7,0,12,/datadrive2/MOSE_release/train/Boxes/677c8ed7
,/datadrive2/MOSE_release/train/JPEGImages/6783a303,251,1280,720,/datadrive2/MOSE_release/train/Annotations/6783a303,6783a303,0,250,/datadrive2/MOSE_release/train/Boxes/6783a303
,/datadrive2/MOSE_release/train/JPEGImages/6786602e,87,1104,498,/datadrive2/MOSE_release/train/Annotations/6786602e,6786602e,0,86,/datadrive2/MOSE_release/train/Boxes/6786602e
,/datadrive2/MOSE_release/train/JPEGImages/67c2909a,73,1920,1080,/datadrive2/MOSE_release/train/Annotations/67c2909a,67c2909a,0,72,/datadrive2/MOSE_release/train/Boxes/67c2909a
,/datadrive2/MOSE_release/train/JPEGImages/67f110fc,20,848,480,/datadrive2/MOSE_release/train/Annotations/67f110fc,67f110fc,0,19,/datadrive2/MOSE_release/train/Boxes/67f110fc
,/datadrive2/MOSE_release/train/JPEGImages/68259db3,25,1280,540,/datadrive2/MOSE_release/train/Annotations/68259db3,68259db3,0,24,/datadrive2/MOSE_release/train/Boxes/68259db3
,/datadrive2/MOSE_release/train/JPEGImages/6834d249,107,2340,1080,/datadrive2/MOSE_release/train/Annotations/6834d249,6834d249,0,106,/datadrive2/MOSE_release/train/Boxes/6834d249
,/datadrive2/MOSE_release/train/JPEGImages/68954daf,18,1280,720,/datadrive2/MOSE_release/train/Annotations/68954daf,68954daf,0,17,/datadrive2/MOSE_release/train/Boxes/68954daf
,/datadrive2/MOSE_release/train/JPEGImages/68c879f2,130,1280,720,/datadrive2/MOSE_release/train/Annotations/68c879f2,68c879f2,0,129,/datadrive2/MOSE_release/train/Boxes/68c879f2
,/datadrive2/MOSE_release/train/JPEGImages/68d2b259,87,1680,1080,/datadrive2/MOSE_release/train/Annotations/68d2b259,68d2b259,0,86,/datadrive2/MOSE_release/train/Boxes/68d2b259
,/datadrive2/MOSE_release/train/JPEGImages/69ed9d14,25,1100,720,/datadrive2/MOSE_release/train/Annotations/69ed9d14,69ed9d14,0,24,/datadrive2/MOSE_release/train/Boxes/69ed9d14
,/datadrive2/MOSE_release/train/JPEGImages/6a009e50,9,572,328,/datadrive2/MOSE_release/train/Annotations/6a009e50,6a009e50,0,8,/datadrive2/MOSE_release/train/Boxes/6a009e50
,/datadrive2/MOSE_release/train/JPEGImages/6a0b5563,24,960,544,/datadrive2/MOSE_release/train/Annotations/6a0b5563,6a0b5563,0,23,/datadrive2/MOSE_release/train/Boxes/6a0b5563
,/datadrive2/MOSE_release/train/JPEGImages/6a39e104,22,1920,944,/datadrive2/MOSE_release/train/Annotations/6a39e104,6a39e104,0,21,/datadrive2/MOSE_release/train/Boxes/6a39e104
,/datadrive2/MOSE_release/train/JPEGImages/6a3bc149,25,1920,972,/datadrive2/MOSE_release/train/Annotations/6a3bc149,6a3bc149,0,24,/datadrive2/MOSE_release/train/Boxes/6a3bc149
,/datadrive2/MOSE_release/train/JPEGImages/6a428397,67,912,831,/datadrive2/MOSE_release/train/Annotations/6a428397,6a428397,0,66,/datadrive2/MOSE_release/train/Boxes/6a428397
,/datadrive2/MOSE_release/train/JPEGImages/6a50e93a,32,1280,720,/datadrive2/MOSE_release/train/Annotations/6a50e93a,6a50e93a,0,31,/datadrive2/MOSE_release/train/Boxes/6a50e93a
,/datadrive2/MOSE_release/train/JPEGImages/6a6e0e3b,41,1920,1080,/datadrive2/MOSE_release/train/Annotations/6a6e0e3b,6a6e0e3b,0,40,/datadrive2/MOSE_release/train/Boxes/6a6e0e3b
,/datadrive2/MOSE_release/train/JPEGImages/6a8d35d6,21,1920,872,/datadrive2/MOSE_release/train/Annotations/6a8d35d6,6a8d35d6,0,20,/datadrive2/MOSE_release/train/Boxes/6a8d35d6
,/datadrive2/MOSE_release/train/JPEGImages/6aa0b6f2,151,1920,945,/datadrive2/MOSE_release/train/Annotations/6aa0b6f2,6aa0b6f2,0,150,/datadrive2/MOSE_release/train/Boxes/6aa0b6f2
,/datadrive2/MOSE_release/train/JPEGImages/6acd353f,35,1104,542,/datadrive2/MOSE_release/train/Annotations/6acd353f,6acd353f,0,34,/datadrive2/MOSE_release/train/Boxes/6acd353f
,/datadrive2/MOSE_release/train/JPEGImages/6ad44b86,140,1652,1080,/datadrive2/MOSE_release/train/Annotations/6ad44b86,6ad44b86,0,139,/datadrive2/MOSE_release/train/Boxes/6ad44b86
,/datadrive2/MOSE_release/train/JPEGImages/6adad2f7,66,1920,1080,/datadrive2/MOSE_release/train/Annotations/6adad2f7,6adad2f7,0,65,/datadrive2/MOSE_release/train/Boxes/6adad2f7
,/datadrive2/MOSE_release/train/JPEGImages/6ba9e61f,85,2340,1080,/datadrive2/MOSE_release/train/Annotations/6ba9e61f,6ba9e61f,0,84,/datadrive2/MOSE_release/train/Boxes/6ba9e61f
,/datadrive2/MOSE_release/train/JPEGImages/6c736334,31,1080,868,/datadrive2/MOSE_release/train/Annotations/6c736334,6c736334,0,30,/datadrive2/MOSE_release/train/Boxes/6c736334
,/datadrive2/MOSE_release/train/JPEGImages/6c93d44c,57,1920,1072,/datadrive2/MOSE_release/train/Annotations/6c93d44c,6c93d44c,0,56,/datadrive2/MOSE_release/train/Boxes/6c93d44c
,/datadrive2/MOSE_release/train/JPEGImages/6d094cd5,264,1920,994,/datadrive2/MOSE_release/train/Annotations/6d094cd5,6d094cd5,0,263,/datadrive2/MOSE_release/train/Boxes/6d094cd5
,/datadrive2/MOSE_release/train/JPEGImages/6d30d5ac,48,1920,1080,/datadrive2/MOSE_release/train/Annotations/6d30d5ac,6d30d5ac,0,47,/datadrive2/MOSE_release/train/Boxes/6d30d5ac
,/datadrive2/MOSE_release/train/JPEGImages/6d533759,17,1652,1080,/datadrive2/MOSE_release/train/Annotations/6d533759,6d533759,0,16,/datadrive2/MOSE_release/train/Boxes/6d533759
,/datadrive2/MOSE_release/train/JPEGImages/6da17988,60,640,288,/datadrive2/MOSE_release/train/Annotations/6da17988,6da17988,0,59,/datadrive2/MOSE_release/train/Boxes/6da17988
,/datadrive2/MOSE_release/train/JPEGImages/6dc5e55d,21,960,544,/datadrive2/MOSE_release/train/Annotations/6dc5e55d,6dc5e55d,0,20,/datadrive2/MOSE_release/train/Boxes/6dc5e55d
,/datadrive2/MOSE_release/train/JPEGImages/6dd74e7b,33,1888,1080,/datadrive2/MOSE_release/train/Annotations/6dd74e7b,6dd74e7b,0,32,/datadrive2/MOSE_release/train/Boxes/6dd74e7b
,/datadrive2/MOSE_release/train/JPEGImages/6df96f15,30,1920,1080,/datadrive2/MOSE_release/train/Annotations/6df96f15,6df96f15,0,29,/datadrive2/MOSE_release/train/Boxes/6df96f15
,/datadrive2/MOSE_release/train/JPEGImages/6dff20c9,33,1920,1080,/datadrive2/MOSE_release/train/Annotations/6dff20c9,6dff20c9,0,32,/datadrive2/MOSE_release/train/Boxes/6dff20c9
,/datadrive2/MOSE_release/train/JPEGImages/6e0f0ecc,28,1920,1080,/datadrive2/MOSE_release/train/Annotations/6e0f0ecc,6e0f0ecc,0,27,/datadrive2/MOSE_release/train/Boxes/6e0f0ecc
,/datadrive2/MOSE_release/train/JPEGImages/6e2dce1b,72,1920,1080,/datadrive2/MOSE_release/train/Annotations/6e2dce1b,6e2dce1b,0,71,/datadrive2/MOSE_release/train/Boxes/6e2dce1b
,/datadrive2/MOSE_release/train/JPEGImages/6e4ee861,27,560,252,/datadrive2/MOSE_release/train/Annotations/6e4ee861,6e4ee861,0,26,/datadrive2/MOSE_release/train/Boxes/6e4ee861
,/datadrive2/MOSE_release/train/JPEGImages/6e7f9437,30,1920,944,/datadrive2/MOSE_release/train/Annotations/6e7f9437,6e7f9437,0,29,/datadrive2/MOSE_release/train/Boxes/6e7f9437
,/datadrive2/MOSE_release/train/JPEGImages/6ec5da3a,66,1280,720,/datadrive2/MOSE_release/train/Annotations/6ec5da3a,6ec5da3a,0,65,/datadrive2/MOSE_release/train/Boxes/6ec5da3a
,/datadrive2/MOSE_release/train/JPEGImages/6f1df574,37,1080,912,/datadrive2/MOSE_release/train/Annotations/6f1df574,6f1df574,0,36,/datadrive2/MOSE_release/train/Boxes/6f1df574
,/datadrive2/MOSE_release/train/JPEGImages/6f295adb,40,1920,1080,/datadrive2/MOSE_release/train/Annotations/6f295adb,6f295adb,0,39,/datadrive2/MOSE_release/train/Boxes/6f295adb
,/datadrive2/MOSE_release/train/JPEGImages/6f5144b6,55,1920,896,/datadrive2/MOSE_release/train/Annotations/6f5144b6,6f5144b6,0,54,/datadrive2/MOSE_release/train/Boxes/6f5144b6
,/datadrive2/MOSE_release/train/JPEGImages/6f6e6c37,62,1920,1080,/datadrive2/MOSE_release/train/Annotations/6f6e6c37,6f6e6c37,0,61,/datadrive2/MOSE_release/train/Boxes/6f6e6c37
,/datadrive2/MOSE_release/train/JPEGImages/6f90cc5f,23,1920,872,/datadrive2/MOSE_release/train/Annotations/6f90cc5f,6f90cc5f,0,22,/datadrive2/MOSE_release/train/Boxes/6f90cc5f
,/datadrive2/MOSE_release/train/JPEGImages/6fcd426d,50,1920,944,/datadrive2/MOSE_release/train/Annotations/6fcd426d,6fcd426d,0,49,/datadrive2/MOSE_release/train/Boxes/6fcd426d
,/datadrive2/MOSE_release/train/JPEGImages/6ff85ca5,47,1920,1080,/datadrive2/MOSE_release/train/Annotations/6ff85ca5,6ff85ca5,0,46,/datadrive2/MOSE_release/train/Boxes/6ff85ca5
,/datadrive2/MOSE_release/train/JPEGImages/7014ddf4,15,1920,1080,/datadrive2/MOSE_release/train/Annotations/7014ddf4,7014ddf4,0,14,/datadrive2/MOSE_release/train/Boxes/7014ddf4
,/datadrive2/MOSE_release/train/JPEGImages/7040385d,12,1920,918,/datadrive2/MOSE_release/train/Annotations/7040385d,7040385d,0,11,/datadrive2/MOSE_release/train/Boxes/7040385d
,/datadrive2/MOSE_release/train/JPEGImages/7043c5c1,74,2340,1080,/datadrive2/MOSE_release/train/Annotations/7043c5c1,7043c5c1,0,73,/datadrive2/MOSE_release/train/Boxes/7043c5c1
,/datadrive2/MOSE_release/train/JPEGImages/708098a9,60,640,360,/datadrive2/MOSE_release/train/Annotations/708098a9,708098a9,0,59,/datadrive2/MOSE_release/train/Boxes/708098a9
,/datadrive2/MOSE_release/train/JPEGImages/70bcaf68,21,640,317,/datadrive2/MOSE_release/train/Annotations/70bcaf68,70bcaf68,0,20,/datadrive2/MOSE_release/train/Boxes/70bcaf68
,/datadrive2/MOSE_release/train/JPEGImages/71217dfc,18,640,314,/datadrive2/MOSE_release/train/Annotations/71217dfc,71217dfc,0,17,/datadrive2/MOSE_release/train/Boxes/71217dfc
,/datadrive2/MOSE_release/train/JPEGImages/71f4b40e,35,1920,1080,/datadrive2/MOSE_release/train/Annotations/71f4b40e,71f4b40e,0,34,/datadrive2/MOSE_release/train/Boxes/71f4b40e
,/datadrive2/MOSE_release/train/JPEGImages/723fd024,43,1050,720,/datadrive2/MOSE_release/train/Annotations/723fd024,723fd024,0,42,/datadrive2/MOSE_release/train/Boxes/723fd024
,/datadrive2/MOSE_release/train/JPEGImages/72433603,18,1280,720,/datadrive2/MOSE_release/train/Annotations/72433603,72433603,0,17,/datadrive2/MOSE_release/train/Boxes/72433603
,/datadrive2/MOSE_release/train/JPEGImages/724a5d1c,36,544,960,/datadrive2/MOSE_release/train/Annotations/724a5d1c,724a5d1c,0,35,/datadrive2/MOSE_release/train/Boxes/724a5d1c
,/datadrive2/MOSE_release/train/JPEGImages/724cc810,22,1101,438,/datadrive2/MOSE_release/train/Annotations/724cc810,724cc810,0,21,/datadrive2/MOSE_release/train/Boxes/724cc810
,/datadrive2/MOSE_release/train/JPEGImages/725d4bfb,60,1280,720,/datadrive2/MOSE_release/train/Annotations/725d4bfb,725d4bfb,0,59,/datadrive2/MOSE_release/train/Boxes/725d4bfb
,/datadrive2/MOSE_release/train/JPEGImages/7286b176,69,1280,720,/datadrive2/MOSE_release/train/Annotations/7286b176,7286b176,0,68,/datadrive2/MOSE_release/train/Boxes/7286b176
,/datadrive2/MOSE_release/train/JPEGImages/72a2f7e2,16,2340,1080,/datadrive2/MOSE_release/train/Annotations/72a2f7e2,72a2f7e2,0,15,/datadrive2/MOSE_release/train/Boxes/72a2f7e2
,/datadrive2/MOSE_release/train/JPEGImages/72b2b77d,15,1920,972,/datadrive2/MOSE_release/train/Annotations/72b2b77d,72b2b77d,0,14,/datadrive2/MOSE_release/train/Boxes/72b2b77d
,/datadrive2/MOSE_release/train/JPEGImages/730bc486,88,1920,945,/datadrive2/MOSE_release/train/Annotations/730bc486,730bc486,0,87,/datadrive2/MOSE_release/train/Boxes/730bc486
,/datadrive2/MOSE_release/train/JPEGImages/731149b3,51,1280,720,/datadrive2/MOSE_release/train/Annotations/731149b3,731149b3,0,50,/datadrive2/MOSE_release/train/Boxes/731149b3
,/datadrive2/MOSE_release/train/JPEGImages/733f2a02,54,1920,1080,/datadrive2/MOSE_release/train/Annotations/733f2a02,733f2a02,0,53,/datadrive2/MOSE_release/train/Boxes/733f2a02
,/datadrive2/MOSE_release/train/JPEGImages/739e5a07,125,1280,720,/datadrive2/MOSE_release/train/Annotations/739e5a07,739e5a07,0,124,/datadrive2/MOSE_release/train/Boxes/739e5a07
,/datadrive2/MOSE_release/train/JPEGImages/73a0c81f,8,1920,1080,/datadrive2/MOSE_release/train/Annotations/73a0c81f,73a0c81f,0,7,/datadrive2/MOSE_release/train/Boxes/73a0c81f
,/datadrive2/MOSE_release/train/JPEGImages/74107936,12,1280,598,/datadrive2/MOSE_release/train/Annotations/74107936,74107936,0,11,/datadrive2/MOSE_release/train/Boxes/74107936
,/datadrive2/MOSE_release/train/JPEGImages/7416ab4e,42,1024,720,/datadrive2/MOSE_release/train/Annotations/7416ab4e,7416ab4e,0,41,/datadrive2/MOSE_release/train/Boxes/7416ab4e
,/datadrive2/MOSE_release/train/JPEGImages/74a917f1,15,1280,720,/datadrive2/MOSE_release/train/Annotations/74a917f1,74a917f1,0,14,/datadrive2/MOSE_release/train/Boxes/74a917f1
,/datadrive2/MOSE_release/train/JPEGImages/74c2284f,9,912,436,/datadrive2/MOSE_release/train/Annotations/74c2284f,74c2284f,0,8,/datadrive2/MOSE_release/train/Boxes/74c2284f
,/datadrive2/MOSE_release/train/JPEGImages/74f0687c,17,2340,1080,/datadrive2/MOSE_release/train/Annotations/74f0687c,74f0687c,0,16,/datadrive2/MOSE_release/train/Boxes/74f0687c
,/datadrive2/MOSE_release/train/JPEGImages/756cc6c9,22,1920,944,/datadrive2/MOSE_release/train/Annotations/756cc6c9,756cc6c9,0,21,/datadrive2/MOSE_release/train/Boxes/756cc6c9
,/datadrive2/MOSE_release/train/JPEGImages/75924351,11,1076,720,/datadrive2/MOSE_release/train/Annotations/75924351,75924351,0,10,/datadrive2/MOSE_release/train/Boxes/75924351
,/datadrive2/MOSE_release/train/JPEGImages/7593caea,63,1920,1080,/datadrive2/MOSE_release/train/Annotations/7593caea,7593caea,0,62,/datadrive2/MOSE_release/train/Boxes/7593caea
,/datadrive2/MOSE_release/train/JPEGImages/75b26f88,16,1280,720,/datadrive2/MOSE_release/train/Annotations/75b26f88,75b26f88,0,15,/datadrive2/MOSE_release/train/Boxes/75b26f88
,/datadrive2/MOSE_release/train/JPEGImages/75c34dc5,214,1652,1080,/datadrive2/MOSE_release/train/Annotations/75c34dc5,75c34dc5,0,213,/datadrive2/MOSE_release/train/Boxes/75c34dc5
,/datadrive2/MOSE_release/train/JPEGImages/75d26197,30,540,663,/datadrive2/MOSE_release/train/Annotations/75d26197,75d26197,0,29,/datadrive2/MOSE_release/train/Boxes/75d26197
,/datadrive2/MOSE_release/train/JPEGImages/76303516,45,1280,630,/datadrive2/MOSE_release/train/Annotations/76303516,76303516,0,44,/datadrive2/MOSE_release/train/Boxes/76303516
,/datadrive2/MOSE_release/train/JPEGImages/767ffaaa,20,2336,1080,/datadrive2/MOSE_release/train/Annotations/767ffaaa,767ffaaa,0,19,/datadrive2/MOSE_release/train/Boxes/767ffaaa
,/datadrive2/MOSE_release/train/JPEGImages/76adaeea,35,1920,944,/datadrive2/MOSE_release/train/Annotations/76adaeea,76adaeea,0,34,/datadrive2/MOSE_release/train/Boxes/76adaeea
,/datadrive2/MOSE_release/train/JPEGImages/76b18413,30,1920,1080,/datadrive2/MOSE_release/train/Annotations/76b18413,76b18413,0,29,/datadrive2/MOSE_release/train/Boxes/76b18413
,/datadrive2/MOSE_release/train/JPEGImages/77110e80,85,1920,1080,/datadrive2/MOSE_release/train/Annotations/77110e80,77110e80,0,84,/datadrive2/MOSE_release/train/Boxes/77110e80
,/datadrive2/MOSE_release/train/JPEGImages/7744dc51,102,1280,720,/datadrive2/MOSE_release/train/Annotations/7744dc51,7744dc51,0,101,/datadrive2/MOSE_release/train/Boxes/7744dc51
,/datadrive2/MOSE_release/train/JPEGImages/77ccb57d,57,1920,994,/datadrive2/MOSE_release/train/Annotations/77ccb57d,77ccb57d,0,56,/datadrive2/MOSE_release/train/Boxes/77ccb57d
,/datadrive2/MOSE_release/train/JPEGImages/77e246da,36,1088,654,/datadrive2/MOSE_release/train/Annotations/77e246da,77e246da,0,35,/datadrive2/MOSE_release/train/Boxes/77e246da
,/datadrive2/MOSE_release/train/JPEGImages/780a25de,46,1920,872,/datadrive2/MOSE_release/train/Annotations/780a25de,780a25de,0,45,/datadrive2/MOSE_release/train/Boxes/780a25de
,/datadrive2/MOSE_release/train/JPEGImages/780e7a99,48,1920,1080,/datadrive2/MOSE_release/train/Annotations/780e7a99,780e7a99,0,47,/datadrive2/MOSE_release/train/Boxes/780e7a99
,/datadrive2/MOSE_release/train/JPEGImages/781af187,68,1101,720,/datadrive2/MOSE_release/train/Annotations/781af187,781af187,0,67,/datadrive2/MOSE_release/train/Boxes/781af187
,/datadrive2/MOSE_release/train/JPEGImages/782551f7,69,1920,1080,/datadrive2/MOSE_release/train/Annotations/782551f7,782551f7,0,68,/datadrive2/MOSE_release/train/Boxes/782551f7
,/datadrive2/MOSE_release/train/JPEGImages/7875b874,45,480,332,/datadrive2/MOSE_release/train/Annotations/7875b874,7875b874,0,44,/datadrive2/MOSE_release/train/Boxes/7875b874
,/datadrive2/MOSE_release/train/JPEGImages/788da8e8,42,1920,944,/datadrive2/MOSE_release/train/Annotations/788da8e8,788da8e8,0,41,/datadrive2/MOSE_release/train/Boxes/788da8e8
,/datadrive2/MOSE_release/train/JPEGImages/78a1f4b1,143,1920,1080,/datadrive2/MOSE_release/train/Annotations/78a1f4b1,78a1f4b1,0,142,/datadrive2/MOSE_release/train/Boxes/78a1f4b1
,/datadrive2/MOSE_release/train/JPEGImages/78bf9b51,45,960,720,/datadrive2/MOSE_release/train/Annotations/78bf9b51,78bf9b51,0,44,/datadrive2/MOSE_release/train/Boxes/78bf9b51
,/datadrive2/MOSE_release/train/JPEGImages/790285e8,130,1920,972,/datadrive2/MOSE_release/train/Annotations/790285e8,790285e8,0,129,/datadrive2/MOSE_release/train/Boxes/790285e8
,/datadrive2/MOSE_release/train/JPEGImages/792c6ff7,40,1920,1080,/datadrive2/MOSE_release/train/Annotations/792c6ff7,792c6ff7,0,39,/datadrive2/MOSE_release/train/Boxes/792c6ff7
,/datadrive2/MOSE_release/train/JPEGImages/794f01d4,163,887,720,/datadrive2/MOSE_release/train/Annotations/794f01d4,794f01d4,0,162,/datadrive2/MOSE_release/train/Boxes/794f01d4
,/datadrive2/MOSE_release/train/JPEGImages/797a7b7e,48,1918,818,/datadrive2/MOSE_release/train/Annotations/797a7b7e,797a7b7e,0,47,/datadrive2/MOSE_release/train/Boxes/797a7b7e
,/datadrive2/MOSE_release/train/JPEGImages/797f1bec,35,1280,570,/datadrive2/MOSE_release/train/Annotations/797f1bec,797f1bec,0,34,/datadrive2/MOSE_release/train/Boxes/797f1bec
,/datadrive2/MOSE_release/train/JPEGImages/7981f344,31,1920,1080,/datadrive2/MOSE_release/train/Annotations/7981f344,7981f344,0,30,/datadrive2/MOSE_release/train/Boxes/7981f344
,/datadrive2/MOSE_release/train/JPEGImages/7999adc5,43,960,544,/datadrive2/MOSE_release/train/Annotations/7999adc5,7999adc5,0,42,/datadrive2/MOSE_release/train/Boxes/7999adc5
,/datadrive2/MOSE_release/train/JPEGImages/799a2d61,30,960,496,/datadrive2/MOSE_release/train/Annotations/799a2d61,799a2d61,0,29,/datadrive2/MOSE_release/train/Boxes/799a2d61
,/datadrive2/MOSE_release/train/JPEGImages/79acac96,53,1888,1080,/datadrive2/MOSE_release/train/Annotations/79acac96,79acac96,0,52,/datadrive2/MOSE_release/train/Boxes/79acac96
,/datadrive2/MOSE_release/train/JPEGImages/79af6097,229,1920,994,/datadrive2/MOSE_release/train/Annotations/79af6097,79af6097,0,228,/datadrive2/MOSE_release/train/Boxes/79af6097
,/datadrive2/MOSE_release/train/JPEGImages/79b25f4b,36,1920,1080,/datadrive2/MOSE_release/train/Annotations/79b25f4b,79b25f4b,0,35,/datadrive2/MOSE_release/train/Boxes/79b25f4b
,/datadrive2/MOSE_release/train/JPEGImages/7a056996,63,912,700,/datadrive2/MOSE_release/train/Annotations/7a056996,7a056996,0,62,/datadrive2/MOSE_release/train/Boxes/7a056996
,/datadrive2/MOSE_release/train/JPEGImages/7a6aa1ef,25,672,330,/datadrive2/MOSE_release/train/Annotations/7a6aa1ef,7a6aa1ef,0,24,/datadrive2/MOSE_release/train/Boxes/7a6aa1ef
,/datadrive2/MOSE_release/train/JPEGImages/7ade3068,84,1920,1080,/datadrive2/MOSE_release/train/Annotations/7ade3068,7ade3068,0,83,/datadrive2/MOSE_release/train/Boxes/7ade3068
,/datadrive2/MOSE_release/train/JPEGImages/7b017dbf,43,828,471,/datadrive2/MOSE_release/train/Annotations/7b017dbf,7b017dbf,0,42,/datadrive2/MOSE_release/train/Boxes/7b017dbf
,/datadrive2/MOSE_release/train/JPEGImages/7b75dace,90,1536,869,/datadrive2/MOSE_release/train/Annotations/7b75dace,7b75dace,0,89,/datadrive2/MOSE_release/train/Boxes/7b75dace
,/datadrive2/MOSE_release/train/JPEGImages/7bbf38ee,17,640,360,/datadrive2/MOSE_release/train/Annotations/7bbf38ee,7bbf38ee,0,16,/datadrive2/MOSE_release/train/Boxes/7bbf38ee
,/datadrive2/MOSE_release/train/JPEGImages/7bc95dc2,49,1674,1088,/datadrive2/MOSE_release/train/Annotations/7bc95dc2,7bc95dc2,0,48,/datadrive2/MOSE_release/train/Boxes/7bc95dc2
,/datadrive2/MOSE_release/train/JPEGImages/7bd70d93,41,1842,1080,/datadrive2/MOSE_release/train/Annotations/7bd70d93,7bd70d93,0,40,/datadrive2/MOSE_release/train/Boxes/7bd70d93
,/datadrive2/MOSE_release/train/JPEGImages/7bdd197d,109,2340,1080,/datadrive2/MOSE_release/train/Annotations/7bdd197d,7bdd197d,0,108,/datadrive2/MOSE_release/train/Boxes/7bdd197d
,/datadrive2/MOSE_release/train/JPEGImages/7be91184,25,1920,1080,/datadrive2/MOSE_release/train/Annotations/7be91184,7be91184,0,24,/datadrive2/MOSE_release/train/Boxes/7be91184
,/datadrive2/MOSE_release/train/JPEGImages/7bfa2ab5,89,1920,1080,/datadrive2/MOSE_release/train/Annotations/7bfa2ab5,7bfa2ab5,0,88,/datadrive2/MOSE_release/train/Boxes/7bfa2ab5
,/datadrive2/MOSE_release/train/JPEGImages/7bfe9b57,42,1920,1080,/datadrive2/MOSE_release/train/Annotations/7bfe9b57,7bfe9b57,0,41,/datadrive2/MOSE_release/train/Boxes/7bfe9b57
,/datadrive2/MOSE_release/train/JPEGImages/7c5462f5,33,960,472,/datadrive2/MOSE_release/train/Annotations/7c5462f5,7c5462f5,0,32,/datadrive2/MOSE_release/train/Boxes/7c5462f5
,/datadrive2/MOSE_release/train/JPEGImages/7c6d3504,70,1920,864,/datadrive2/MOSE_release/train/Annotations/7c6d3504,7c6d3504,0,69,/datadrive2/MOSE_release/train/Boxes/7c6d3504
,/datadrive2/MOSE_release/train/JPEGImages/7c78e351,66,1920,1080,/datadrive2/MOSE_release/train/Annotations/7c78e351,7c78e351,0,65,/datadrive2/MOSE_release/train/Boxes/7c78e351
,/datadrive2/MOSE_release/train/JPEGImages/7ce2c865,58,1920,1080,/datadrive2/MOSE_release/train/Annotations/7ce2c865,7ce2c865,0,57,/datadrive2/MOSE_release/train/Boxes/7ce2c865
,/datadrive2/MOSE_release/train/JPEGImages/7d452630,34,1920,1080,/datadrive2/MOSE_release/train/Annotations/7d452630,7d452630,0,33,/datadrive2/MOSE_release/train/Boxes/7d452630
,/datadrive2/MOSE_release/train/JPEGImages/7d512591,63,1920,1080,/datadrive2/MOSE_release/train/Annotations/7d512591,7d512591,0,62,/datadrive2/MOSE_release/train/Boxes/7d512591
,/datadrive2/MOSE_release/train/JPEGImages/7e6d00df,12,1920,1080,/datadrive2/MOSE_release/train/Annotations/7e6d00df,7e6d00df,0,11,/datadrive2/MOSE_release/train/Boxes/7e6d00df
,/datadrive2/MOSE_release/train/JPEGImages/7e704f2e,235,1280,720,/datadrive2/MOSE_release/train/Annotations/7e704f2e,7e704f2e,0,234,/datadrive2/MOSE_release/train/Boxes/7e704f2e
,/datadrive2/MOSE_release/train/JPEGImages/7e709e2d,132,966,622,/datadrive2/MOSE_release/train/Annotations/7e709e2d,7e709e2d,0,131,/datadrive2/MOSE_release/train/Boxes/7e709e2d
,/datadrive2/MOSE_release/train/JPEGImages/7e87750e,31,544,315,/datadrive2/MOSE_release/train/Annotations/7e87750e,7e87750e,0,30,/datadrive2/MOSE_release/train/Boxes/7e87750e
,/datadrive2/MOSE_release/train/JPEGImages/7ebfbf57,60,1280,720,/datadrive2/MOSE_release/train/Annotations/7ebfbf57,7ebfbf57,0,59,/datadrive2/MOSE_release/train/Boxes/7ebfbf57
,/datadrive2/MOSE_release/train/JPEGImages/7edd8b4f,72,1807,1080,/datadrive2/MOSE_release/train/Annotations/7edd8b4f,7edd8b4f,0,71,/datadrive2/MOSE_release/train/Boxes/7edd8b4f
,/datadrive2/MOSE_release/train/JPEGImages/7f0b7662,66,1920,994,/datadrive2/MOSE_release/train/Annotations/7f0b7662,7f0b7662,0,65,/datadrive2/MOSE_release/train/Boxes/7f0b7662
,/datadrive2/MOSE_release/train/JPEGImages/7f3d9c22,19,1920,944,/datadrive2/MOSE_release/train/Annotations/7f3d9c22,7f3d9c22,0,18,/datadrive2/MOSE_release/train/Boxes/7f3d9c22
,/datadrive2/MOSE_release/train/JPEGImages/7f54c579,48,1080,1920,/datadrive2/MOSE_release/train/Annotations/7f54c579,7f54c579,0,47,/datadrive2/MOSE_release/train/Boxes/7f54c579
,/datadrive2/MOSE_release/train/JPEGImages/7fe2bf77,61,1026,576,/datadrive2/MOSE_release/train/Annotations/7fe2bf77,7fe2bf77,0,60,/datadrive2/MOSE_release/train/Boxes/7fe2bf77
,/datadrive2/MOSE_release/train/JPEGImages/800b5eac,52,512,252,/datadrive2/MOSE_release/train/Annotations/800b5eac,800b5eac,0,51,/datadrive2/MOSE_release/train/Boxes/800b5eac
,/datadrive2/MOSE_release/train/JPEGImages/800e3c14,54,1210,640,/datadrive2/MOSE_release/train/Annotations/800e3c14,800e3c14,0,53,/datadrive2/MOSE_release/train/Boxes/800e3c14
,/datadrive2/MOSE_release/train/JPEGImages/8036b58e,108,1920,1080,/datadrive2/MOSE_release/train/Annotations/8036b58e,8036b58e,0,107,/datadrive2/MOSE_release/train/Boxes/8036b58e
,/datadrive2/MOSE_release/train/JPEGImages/803e1756,49,1280,720,/datadrive2/MOSE_release/train/Annotations/803e1756,803e1756,0,48,/datadrive2/MOSE_release/train/Boxes/803e1756
,/datadrive2/MOSE_release/train/JPEGImages/80701b6c,26,1920,1080,/datadrive2/MOSE_release/train/Annotations/80701b6c,80701b6c,0,25,/datadrive2/MOSE_release/train/Boxes/80701b6c
,/datadrive2/MOSE_release/train/JPEGImages/80906bf9,34,1080,1920,/datadrive2/MOSE_release/train/Annotations/80906bf9,80906bf9,0,33,/datadrive2/MOSE_release/train/Boxes/80906bf9
,/datadrive2/MOSE_release/train/JPEGImages/8094b12b,39,1280,530,/datadrive2/MOSE_release/train/Annotations/8094b12b,8094b12b,0,38,/datadrive2/MOSE_release/train/Boxes/8094b12b
,/datadrive2/MOSE_release/train/JPEGImages/80a7cf7b,96,1920,945,/datadrive2/MOSE_release/train/Annotations/80a7cf7b,80a7cf7b,0,95,/datadrive2/MOSE_release/train/Boxes/80a7cf7b
,/datadrive2/MOSE_release/train/JPEGImages/80afed16,35,1280,720,/datadrive2/MOSE_release/train/Annotations/80afed16,80afed16,0,34,/datadrive2/MOSE_release/train/Boxes/80afed16
,/datadrive2/MOSE_release/train/JPEGImages/80b73f1a,25,1652,1080,/datadrive2/MOSE_release/train/Annotations/80b73f1a,80b73f1a,0,24,/datadrive2/MOSE_release/train/Boxes/80b73f1a
,/datadrive2/MOSE_release/train/JPEGImages/80ce18a4,27,640,315,/datadrive2/MOSE_release/train/Annotations/80ce18a4,80ce18a4,0,26,/datadrive2/MOSE_release/train/Boxes/80ce18a4
,/datadrive2/MOSE_release/train/JPEGImages/80d978e9,54,1280,720,/datadrive2/MOSE_release/train/Annotations/80d978e9,80d978e9,0,53,/datadrive2/MOSE_release/train/Boxes/80d978e9
,/datadrive2/MOSE_release/train/JPEGImages/80fb79c6,99,1279,720,/datadrive2/MOSE_release/train/Annotations/80fb79c6,80fb79c6,0,98,/datadrive2/MOSE_release/train/Boxes/80fb79c6
,/datadrive2/MOSE_release/train/JPEGImages/8108b358,131,720,1280,/datadrive2/MOSE_release/train/Annotations/8108b358,8108b358,0,130,/datadrive2/MOSE_release/train/Boxes/8108b358
,/datadrive2/MOSE_release/train/JPEGImages/81220a93,36,1920,1080,/datadrive2/MOSE_release/train/Annotations/81220a93,81220a93,0,35,/datadrive2/MOSE_release/train/Boxes/81220a93
,/datadrive2/MOSE_release/train/JPEGImages/81659eb2,45,1920,854,/datadrive2/MOSE_release/train/Annotations/81659eb2,81659eb2,0,44,/datadrive2/MOSE_release/train/Boxes/81659eb2
,/datadrive2/MOSE_release/train/JPEGImages/81d12756,21,960,720,/datadrive2/MOSE_release/train/Annotations/81d12756,81d12756,0,20,/datadrive2/MOSE_release/train/Boxes/81d12756
,/datadrive2/MOSE_release/train/JPEGImages/81fdc526,25,1080,1754,/datadrive2/MOSE_release/train/Annotations/81fdc526,81fdc526,0,24,/datadrive2/MOSE_release/train/Boxes/81fdc526
,/datadrive2/MOSE_release/train/JPEGImages/8248698e,53,922,720,/datadrive2/MOSE_release/train/Annotations/8248698e,8248698e,0,52,/datadrive2/MOSE_release/train/Boxes/8248698e
,/datadrive2/MOSE_release/train/JPEGImages/825a1944,18,550,360,/datadrive2/MOSE_release/train/Annotations/825a1944,825a1944,0,17,/datadrive2/MOSE_release/train/Boxes/825a1944
,/datadrive2/MOSE_release/train/JPEGImages/82667d52,50,572,327,/datadrive2/MOSE_release/train/Annotations/82667d52,82667d52,0,49,/datadrive2/MOSE_release/train/Boxes/82667d52
,/datadrive2/MOSE_release/train/JPEGImages/8276e558,65,1918,764,/datadrive2/MOSE_release/train/Annotations/8276e558,8276e558,0,64,/datadrive2/MOSE_release/train/Boxes/8276e558
,/datadrive2/MOSE_release/train/JPEGImages/82a3db34,150,1920,1080,/datadrive2/MOSE_release/train/Annotations/82a3db34,82a3db34,0,149,/datadrive2/MOSE_release/train/Boxes/82a3db34
,/datadrive2/MOSE_release/train/JPEGImages/82df0888,29,1280,530,/datadrive2/MOSE_release/train/Annotations/82df0888,82df0888,0,28,/datadrive2/MOSE_release/train/Boxes/82df0888
,/datadrive2/MOSE_release/train/JPEGImages/82f24ce7,48,1280,720,/datadrive2/MOSE_release/train/Annotations/82f24ce7,82f24ce7,0,47,/datadrive2/MOSE_release/train/Boxes/82f24ce7
,/datadrive2/MOSE_release/train/JPEGImages/831498e4,75,1920,1080,/datadrive2/MOSE_release/train/Annotations/831498e4,831498e4,0,74,/datadrive2/MOSE_release/train/Boxes/831498e4
,/datadrive2/MOSE_release/train/JPEGImages/832fc243,44,960,544,/datadrive2/MOSE_release/train/Annotations/832fc243,832fc243,0,43,/datadrive2/MOSE_release/train/Boxes/832fc243
,/datadrive2/MOSE_release/train/JPEGImages/83924bdb,65,1280,720,/datadrive2/MOSE_release/train/Annotations/83924bdb,83924bdb,0,64,/datadrive2/MOSE_release/train/Boxes/83924bdb
,/datadrive2/MOSE_release/train/JPEGImages/83b7c53c,41,1280,720,/datadrive2/MOSE_release/train/Annotations/83b7c53c,83b7c53c,0,40,/datadrive2/MOSE_release/train/Boxes/83b7c53c
,/datadrive2/MOSE_release/train/JPEGImages/84298fae,54,1920,1080,/datadrive2/MOSE_release/train/Annotations/84298fae,84298fae,0,53,/datadrive2/MOSE_release/train/Boxes/84298fae
,/datadrive2/MOSE_release/train/JPEGImages/843d3bf7,35,1920,1080,/datadrive2/MOSE_release/train/Annotations/843d3bf7,843d3bf7,0,34,/datadrive2/MOSE_release/train/Boxes/843d3bf7
,/datadrive2/MOSE_release/train/JPEGImages/843d8f25,55,578,576,/datadrive2/MOSE_release/train/Annotations/843d8f25,843d8f25,0,54,/datadrive2/MOSE_release/train/Boxes/843d8f25
,/datadrive2/MOSE_release/train/JPEGImages/84559bc3,100,1920,1080,/datadrive2/MOSE_release/train/Annotations/84559bc3,84559bc3,0,99,/datadrive2/MOSE_release/train/Boxes/84559bc3
,/datadrive2/MOSE_release/train/JPEGImages/8465d99c,55,2340,1080,/datadrive2/MOSE_release/train/Annotations/8465d99c,8465d99c,0,54,/datadrive2/MOSE_release/train/Boxes/8465d99c
,/datadrive2/MOSE_release/train/JPEGImages/8466eeb2,121,2340,1080,/datadrive2/MOSE_release/train/Annotations/8466eeb2,8466eeb2,0,120,/datadrive2/MOSE_release/train/Boxes/8466eeb2
,/datadrive2/MOSE_release/train/JPEGImages/849f0efb,32,550,360,/datadrive2/MOSE_release/train/Annotations/849f0efb,849f0efb,0,31,/datadrive2/MOSE_release/train/Boxes/849f0efb
,/datadrive2/MOSE_release/train/JPEGImages/851bc5d9,75,2340,1080,/datadrive2/MOSE_release/train/Annotations/851bc5d9,851bc5d9,0,74,/datadrive2/MOSE_release/train/Boxes/851bc5d9
,/datadrive2/MOSE_release/train/JPEGImages/8554c402,44,572,327,/datadrive2/MOSE_release/train/Annotations/8554c402,8554c402,0,43,/datadrive2/MOSE_release/train/Boxes/8554c402
,/datadrive2/MOSE_release/train/JPEGImages/85585220,55,960,480,/datadrive2/MOSE_release/train/Annotations/85585220,85585220,0,54,/datadrive2/MOSE_release/train/Boxes/85585220
,/datadrive2/MOSE_release/train/JPEGImages/857ddc6e,51,960,544,/datadrive2/MOSE_release/train/Annotations/857ddc6e,857ddc6e,0,50,/datadrive2/MOSE_release/train/Boxes/857ddc6e
,/datadrive2/MOSE_release/train/JPEGImages/857e375e,40,1101,438,/datadrive2/MOSE_release/train/Annotations/857e375e,857e375e,0,39,/datadrive2/MOSE_release/train/Boxes/857e375e
,/datadrive2/MOSE_release/train/JPEGImages/85aa3b0e,500,1920,886,/datadrive2/MOSE_release/train/Annotations/85aa3b0e,85aa3b0e,0,499,/datadrive2/MOSE_release/train/Boxes/85aa3b0e
,/datadrive2/MOSE_release/train/JPEGImages/85addee5,20,572,327,/datadrive2/MOSE_release/train/Annotations/85addee5,85addee5,0,19,/datadrive2/MOSE_release/train/Boxes/85addee5
,/datadrive2/MOSE_release/train/JPEGImages/85d694d7,48,1280,720,/datadrive2/MOSE_release/train/Annotations/85d694d7,85d694d7,0,47,/datadrive2/MOSE_release/train/Boxes/85d694d7
,/datadrive2/MOSE_release/train/JPEGImages/85efa9e3,52,960,544,/datadrive2/MOSE_release/train/Annotations/85efa9e3,85efa9e3,0,51,/datadrive2/MOSE_release/train/Boxes/85efa9e3
,/datadrive2/MOSE_release/train/JPEGImages/860fc1f7,88,1280,720,/datadrive2/MOSE_release/train/Annotations/860fc1f7,860fc1f7,0,87,/datadrive2/MOSE_release/train/Boxes/860fc1f7
,/datadrive2/MOSE_release/train/JPEGImages/8620c024,55,1920,1080,/datadrive2/MOSE_release/train/Annotations/8620c024,8620c024,0,54,/datadrive2/MOSE_release/train/Boxes/8620c024
,/datadrive2/MOSE_release/train/JPEGImages/86571569,66,1088,888,/datadrive2/MOSE_release/train/Annotations/86571569,86571569,0,65,/datadrive2/MOSE_release/train/Boxes/86571569
,/datadrive2/MOSE_release/train/JPEGImages/86a2b59f,34,2160,1080,/datadrive2/MOSE_release/train/Annotations/86a2b59f,86a2b59f,0,33,/datadrive2/MOSE_release/train/Boxes/86a2b59f
,/datadrive2/MOSE_release/train/JPEGImages/86a88668,342,1920,1080,/datadrive2/MOSE_release/train/Annotations/86a88668,86a88668,0,341,/datadrive2/MOSE_release/train/Boxes/86a88668
,/datadrive2/MOSE_release/train/JPEGImages/86a949e2,55,1080,853,/datadrive2/MOSE_release/train/Annotations/86a949e2,86a949e2,0,54,/datadrive2/MOSE_release/train/Boxes/86a949e2
,/datadrive2/MOSE_release/train/JPEGImages/86c01d64,28,1920,972,/datadrive2/MOSE_release/train/Annotations/86c01d64,86c01d64,0,27,/datadrive2/MOSE_release/train/Boxes/86c01d64
,/datadrive2/MOSE_release/train/JPEGImages/86d5b29b,62,1101,720,/datadrive2/MOSE_release/train/Annotations/86d5b29b,86d5b29b,0,61,/datadrive2/MOSE_release/train/Boxes/86d5b29b
,/datadrive2/MOSE_release/train/JPEGImages/872b76de,86,1872,864,/datadrive2/MOSE_release/train/Annotations/872b76de,872b76de,0,85,/datadrive2/MOSE_release/train/Boxes/872b76de
,/datadrive2/MOSE_release/train/JPEGImages/8745edd0,42,1920,1080,/datadrive2/MOSE_release/train/Annotations/8745edd0,8745edd0,0,41,/datadrive2/MOSE_release/train/Boxes/8745edd0
,/datadrive2/MOSE_release/train/JPEGImages/87727003,33,1018,576,/datadrive2/MOSE_release/train/Annotations/87727003,87727003,0,32,/datadrive2/MOSE_release/train/Boxes/87727003
,/datadrive2/MOSE_release/train/JPEGImages/8788747f,80,1280,720,/datadrive2/MOSE_release/train/Annotations/8788747f,8788747f,0,79,/datadrive2/MOSE_release/train/Boxes/8788747f
,/datadrive2/MOSE_release/train/JPEGImages/87e32230,33,1920,1080,/datadrive2/MOSE_release/train/Annotations/87e32230,87e32230,0,32,/datadrive2/MOSE_release/train/Boxes/87e32230
,/datadrive2/MOSE_release/train/JPEGImages/87fc565c,134,1920,945,/datadrive2/MOSE_release/train/Annotations/87fc565c,87fc565c,0,133,/datadrive2/MOSE_release/train/Boxes/87fc565c
,/datadrive2/MOSE_release/train/JPEGImages/8830d59d,22,2340,1080,/datadrive2/MOSE_release/train/Annotations/8830d59d,8830d59d,0,21,/datadrive2/MOSE_release/train/Boxes/8830d59d
,/datadrive2/MOSE_release/train/JPEGImages/8852a5e2,7,1920,1080,/datadrive2/MOSE_release/train/Annotations/8852a5e2,8852a5e2,0,6,/datadrive2/MOSE_release/train/Boxes/8852a5e2
,/datadrive2/MOSE_release/train/JPEGImages/886ed981,27,360,602,/datadrive2/MOSE_release/train/Annotations/886ed981,886ed981,0,26,/datadrive2/MOSE_release/train/Boxes/886ed981
,/datadrive2/MOSE_release/train/JPEGImages/88ab50cd,90,1280,720,/datadrive2/MOSE_release/train/Annotations/88ab50cd,88ab50cd,0,89,/datadrive2/MOSE_release/train/Boxes/88ab50cd
,/datadrive2/MOSE_release/train/JPEGImages/88cd32f3,89,1280,720,/datadrive2/MOSE_release/train/Annotations/88cd32f3,88cd32f3,0,88,/datadrive2/MOSE_release/train/Boxes/88cd32f3
,/datadrive2/MOSE_release/train/JPEGImages/88fd7507,64,1920,1080,/datadrive2/MOSE_release/train/Annotations/88fd7507,88fd7507,0,63,/datadrive2/MOSE_release/train/Boxes/88fd7507
,/datadrive2/MOSE_release/train/JPEGImages/890ef032,108,1280,720,/datadrive2/MOSE_release/train/Annotations/890ef032,890ef032,0,107,/datadrive2/MOSE_release/train/Boxes/890ef032
,/datadrive2/MOSE_release/train/JPEGImages/8925e11b,48,1920,945,/datadrive2/MOSE_release/train/Annotations/8925e11b,8925e11b,0,47,/datadrive2/MOSE_release/train/Boxes/8925e11b
,/datadrive2/MOSE_release/train/JPEGImages/8957514f,96,1080,1920,/datadrive2/MOSE_release/train/Annotations/8957514f,8957514f,0,95,/datadrive2/MOSE_release/train/Boxes/8957514f
,/datadrive2/MOSE_release/train/JPEGImages/897066e3,34,1867,1080,/datadrive2/MOSE_release/train/Annotations/897066e3,897066e3,0,33,/datadrive2/MOSE_release/train/Boxes/897066e3
,/datadrive2/MOSE_release/train/JPEGImages/89b671bb,114,1280,720,/datadrive2/MOSE_release/train/Annotations/89b671bb,89b671bb,0,113,/datadrive2/MOSE_release/train/Boxes/89b671bb
,/datadrive2/MOSE_release/train/JPEGImages/89c76ac4,60,1262,503,/datadrive2/MOSE_release/train/Annotations/89c76ac4,89c76ac4,0,59,/datadrive2/MOSE_release/train/Boxes/89c76ac4
,/datadrive2/MOSE_release/train/JPEGImages/89dc0432,27,768,944,/datadrive2/MOSE_release/train/Annotations/89dc0432,89dc0432,0,26,/datadrive2/MOSE_release/train/Boxes/89dc0432
,/datadrive2/MOSE_release/train/JPEGImages/89f8163f,35,1280,720,/datadrive2/MOSE_release/train/Annotations/89f8163f,89f8163f,0,34,/datadrive2/MOSE_release/train/Boxes/89f8163f
,/datadrive2/MOSE_release/train/JPEGImages/89fd5681,28,1280,720,/datadrive2/MOSE_release/train/Annotations/89fd5681,89fd5681,0,27,/datadrive2/MOSE_release/train/Boxes/89fd5681
,/datadrive2/MOSE_release/train/JPEGImages/89fe6899,48,640,368,/datadrive2/MOSE_release/train/Annotations/89fe6899,89fe6899,0,47,/datadrive2/MOSE_release/train/Boxes/89fe6899
,/datadrive2/MOSE_release/train/JPEGImages/8a48f62a,34,1920,1080,/datadrive2/MOSE_release/train/Annotations/8a48f62a,8a48f62a,0,33,/datadrive2/MOSE_release/train/Boxes/8a48f62a
,/datadrive2/MOSE_release/train/JPEGImages/8ae8e7ed,40,640,288,/datadrive2/MOSE_release/train/Annotations/8ae8e7ed,8ae8e7ed,0,39,/datadrive2/MOSE_release/train/Boxes/8ae8e7ed
,/datadrive2/MOSE_release/train/JPEGImages/8ba58e4c,14,1920,896,/datadrive2/MOSE_release/train/Annotations/8ba58e4c,8ba58e4c,0,13,/datadrive2/MOSE_release/train/Boxes/8ba58e4c
,/datadrive2/MOSE_release/train/JPEGImages/8bb9a221,71,1280,720,/datadrive2/MOSE_release/train/Annotations/8bb9a221,8bb9a221,0,70,/datadrive2/MOSE_release/train/Boxes/8bb9a221
,/datadrive2/MOSE_release/train/JPEGImages/8bc5a91c,24,1652,1080,/datadrive2/MOSE_release/train/Annotations/8bc5a91c,8bc5a91c,0,23,/datadrive2/MOSE_release/train/Boxes/8bc5a91c
,/datadrive2/MOSE_release/train/JPEGImages/8c494902,40,1920,1080,/datadrive2/MOSE_release/train/Annotations/8c494902,8c494902,0,39,/datadrive2/MOSE_release/train/Boxes/8c494902
,/datadrive2/MOSE_release/train/JPEGImages/8c8b7913,67,1920,1080,/datadrive2/MOSE_release/train/Annotations/8c8b7913,8c8b7913,0,66,/datadrive2/MOSE_release/train/Boxes/8c8b7913
,/datadrive2/MOSE_release/train/JPEGImages/8c934e67,40,848,480,/datadrive2/MOSE_release/train/Annotations/8c934e67,8c934e67,0,39,/datadrive2/MOSE_release/train/Boxes/8c934e67
,/datadrive2/MOSE_release/train/JPEGImages/8cdcfc17,22,1280,720,/datadrive2/MOSE_release/train/Annotations/8cdcfc17,8cdcfc17,0,21,/datadrive2/MOSE_release/train/Boxes/8cdcfc17
,/datadrive2/MOSE_release/train/JPEGImages/8cf49218,25,1920,842,/datadrive2/MOSE_release/train/Annotations/8cf49218,8cf49218,0,24,/datadrive2/MOSE_release/train/Boxes/8cf49218
,/datadrive2/MOSE_release/train/JPEGImages/8d016cdb,65,1912,944,/datadrive2/MOSE_release/train/Annotations/8d016cdb,8d016cdb,0,64,/datadrive2/MOSE_release/train/Boxes/8d016cdb
,/datadrive2/MOSE_release/train/JPEGImages/8d0d641a,160,1920,945,/datadrive2/MOSE_release/train/Annotations/8d0d641a,8d0d641a,0,159,/datadrive2/MOSE_release/train/Boxes/8d0d641a
,/datadrive2/MOSE_release/train/JPEGImages/8d23ddcc,45,1920,1080,/datadrive2/MOSE_release/train/Annotations/8d23ddcc,8d23ddcc,0,44,/datadrive2/MOSE_release/train/Boxes/8d23ddcc
,/datadrive2/MOSE_release/train/JPEGImages/8d2ddeff,9,1280,720,/datadrive2/MOSE_release/train/Annotations/8d2ddeff,8d2ddeff,0,8,/datadrive2/MOSE_release/train/Boxes/8d2ddeff
,/datadrive2/MOSE_release/train/JPEGImages/8d72533b,61,1280,720,/datadrive2/MOSE_release/train/Annotations/8d72533b,8d72533b,0,60,/datadrive2/MOSE_release/train/Boxes/8d72533b
,/datadrive2/MOSE_release/train/JPEGImages/8d73085e,36,1920,1080,/datadrive2/MOSE_release/train/Annotations/8d73085e,8d73085e,0,35,/datadrive2/MOSE_release/train/Boxes/8d73085e
,/datadrive2/MOSE_release/train/JPEGImages/8d9d4c08,27,578,576,/datadrive2/MOSE_release/train/Annotations/8d9d4c08,8d9d4c08,0,26,/datadrive2/MOSE_release/train/Boxes/8d9d4c08
,/datadrive2/MOSE_release/train/JPEGImages/8dbebbd9,71,1920,1080,/datadrive2/MOSE_release/train/Annotations/8dbebbd9,8dbebbd9,0,70,/datadrive2/MOSE_release/train/Boxes/8dbebbd9
,/datadrive2/MOSE_release/train/JPEGImages/8e24501e,17,1280,720,/datadrive2/MOSE_release/train/Annotations/8e24501e,8e24501e,0,16,/datadrive2/MOSE_release/train/Boxes/8e24501e
,/datadrive2/MOSE_release/train/JPEGImages/8ef303eb,54,1424,744,/datadrive2/MOSE_release/train/Annotations/8ef303eb,8ef303eb,0,53,/datadrive2/MOSE_release/train/Boxes/8ef303eb
,/datadrive2/MOSE_release/train/JPEGImages/8ef55579,42,1920,1080,/datadrive2/MOSE_release/train/Annotations/8ef55579,8ef55579,0,41,/datadrive2/MOSE_release/train/Boxes/8ef55579
,/datadrive2/MOSE_release/train/JPEGImages/8f01fb2c,77,1920,1080,/datadrive2/MOSE_release/train/Annotations/8f01fb2c,8f01fb2c,0,76,/datadrive2/MOSE_release/train/Boxes/8f01fb2c
,/datadrive2/MOSE_release/train/JPEGImages/8f2e04bc,65,1262,503,/datadrive2/MOSE_release/train/Annotations/8f2e04bc,8f2e04bc,0,64,/datadrive2/MOSE_release/train/Boxes/8f2e04bc
,/datadrive2/MOSE_release/train/JPEGImages/8f415dd1,18,551,360,/datadrive2/MOSE_release/train/Annotations/8f415dd1,8f415dd1,0,17,/datadrive2/MOSE_release/train/Boxes/8f415dd1
,/datadrive2/MOSE_release/train/JPEGImages/8f81a0ee,44,960,544,/datadrive2/MOSE_release/train/Annotations/8f81a0ee,8f81a0ee,0,43,/datadrive2/MOSE_release/train/Boxes/8f81a0ee
,/datadrive2/MOSE_release/train/JPEGImages/8f969ea5,90,1872,864,/datadrive2/MOSE_release/train/Annotations/8f969ea5,8f969ea5,0,89,/datadrive2/MOSE_release/train/Boxes/8f969ea5
,/datadrive2/MOSE_release/train/JPEGImages/8fa0e537,8,1280,662,/datadrive2/MOSE_release/train/Annotations/8fa0e537,8fa0e537,0,7,/datadrive2/MOSE_release/train/Boxes/8fa0e537
,/datadrive2/MOSE_release/train/JPEGImages/8fa50320,102,1920,1080,/datadrive2/MOSE_release/train/Annotations/8fa50320,8fa50320,0,101,/datadrive2/MOSE_release/train/Boxes/8fa50320
,/datadrive2/MOSE_release/train/JPEGImages/8fdb48e5,23,1920,1080,/datadrive2/MOSE_release/train/Annotations/8fdb48e5,8fdb48e5,0,22,/datadrive2/MOSE_release/train/Boxes/8fdb48e5
,/datadrive2/MOSE_release/train/JPEGImages/9033b607,47,1920,1080,/datadrive2/MOSE_release/train/Annotations/9033b607,9033b607,0,46,/datadrive2/MOSE_release/train/Boxes/9033b607
,/datadrive2/MOSE_release/train/JPEGImages/905d8740,84,1344,1080,/datadrive2/MOSE_release/train/Annotations/905d8740,905d8740,0,83,/datadrive2/MOSE_release/train/Boxes/905d8740
,/datadrive2/MOSE_release/train/JPEGImages/9061dac9,54,550,360,/datadrive2/MOSE_release/train/Annotations/9061dac9,9061dac9,0,53,/datadrive2/MOSE_release/train/Boxes/9061dac9
,/datadrive2/MOSE_release/train/JPEGImages/90956534,36,1080,1920,/datadrive2/MOSE_release/train/Annotations/90956534,90956534,0,35,/datadrive2/MOSE_release/train/Boxes/90956534
,/datadrive2/MOSE_release/train/JPEGImages/90c1c43d,45,1766,945,/datadrive2/MOSE_release/train/Annotations/90c1c43d,90c1c43d,0,44,/datadrive2/MOSE_release/train/Boxes/90c1c43d
,/datadrive2/MOSE_release/train/JPEGImages/90cb46cb,10,1920,1080,/datadrive2/MOSE_release/train/Annotations/90cb46cb,90cb46cb,0,9,/datadrive2/MOSE_release/train/Boxes/90cb46cb
,/datadrive2/MOSE_release/train/JPEGImages/90e3338a,28,1920,1080,/datadrive2/MOSE_release/train/Annotations/90e3338a,90e3338a,0,27,/datadrive2/MOSE_release/train/Boxes/90e3338a
,/datadrive2/MOSE_release/train/JPEGImages/90fe55b9,18,1920,945,/datadrive2/MOSE_release/train/Annotations/90fe55b9,90fe55b9,0,17,/datadrive2/MOSE_release/train/Boxes/90fe55b9
,/datadrive2/MOSE_release/train/JPEGImages/90ff1d09,42,1076,720,/datadrive2/MOSE_release/train/Annotations/90ff1d09,90ff1d09,0,41,/datadrive2/MOSE_release/train/Boxes/90ff1d09
,/datadrive2/MOSE_release/train/JPEGImages/910bf878,36,1280,720,/datadrive2/MOSE_release/train/Annotations/910bf878,910bf878,0,35,/datadrive2/MOSE_release/train/Boxes/910bf878
,/datadrive2/MOSE_release/train/JPEGImages/9113c9d4,36,1280,720,/datadrive2/MOSE_release/train/Annotations/9113c9d4,9113c9d4,0,35,/datadrive2/MOSE_release/train/Boxes/9113c9d4
,/datadrive2/MOSE_release/train/JPEGImages/911ec4ad,79,1280,620,/datadrive2/MOSE_release/train/Annotations/911ec4ad,911ec4ad,0,78,/datadrive2/MOSE_release/train/Boxes/911ec4ad
,/datadrive2/MOSE_release/train/JPEGImages/915f0d9a,37,1280,720,/datadrive2/MOSE_release/train/Annotations/915f0d9a,915f0d9a,0,36,/datadrive2/MOSE_release/train/Boxes/915f0d9a
,/datadrive2/MOSE_release/train/JPEGImages/91b2f707,40,1280,720,/datadrive2/MOSE_release/train/Annotations/91b2f707,91b2f707,0,39,/datadrive2/MOSE_release/train/Boxes/91b2f707
,/datadrive2/MOSE_release/train/JPEGImages/91b754c5,30,1280,720,/datadrive2/MOSE_release/train/Annotations/91b754c5,91b754c5,0,29,/datadrive2/MOSE_release/train/Boxes/91b754c5
,/datadrive2/MOSE_release/train/JPEGImages/92162474,66,1920,1080,/datadrive2/MOSE_release/train/Annotations/92162474,92162474,0,65,/datadrive2/MOSE_release/train/Boxes/92162474
,/datadrive2/MOSE_release/train/JPEGImages/924f5d88,48,551,360,/datadrive2/MOSE_release/train/Annotations/924f5d88,924f5d88,0,47,/datadrive2/MOSE_release/train/Boxes/924f5d88
,/datadrive2/MOSE_release/train/JPEGImages/9293b755,60,1280,720,/datadrive2/MOSE_release/train/Annotations/9293b755,9293b755,0,59,/datadrive2/MOSE_release/train/Boxes/9293b755
,/datadrive2/MOSE_release/train/JPEGImages/92c96c05,147,890,720,/datadrive2/MOSE_release/train/Annotations/92c96c05,92c96c05,0,146,/datadrive2/MOSE_release/train/Boxes/92c96c05
,/datadrive2/MOSE_release/train/JPEGImages/932542cd,45,1920,929,/datadrive2/MOSE_release/train/Annotations/932542cd,932542cd,0,44,/datadrive2/MOSE_release/train/Boxes/932542cd
,/datadrive2/MOSE_release/train/JPEGImages/932ad0a6,40,1026,576,/datadrive2/MOSE_release/train/Annotations/932ad0a6,932ad0a6,0,39,/datadrive2/MOSE_release/train/Boxes/932ad0a6
,/datadrive2/MOSE_release/train/JPEGImages/935b5ad8,135,1920,1080,/datadrive2/MOSE_release/train/Annotations/935b5ad8,935b5ad8,0,134,/datadrive2/MOSE_release/train/Boxes/935b5ad8
,/datadrive2/MOSE_release/train/JPEGImages/93723f88,28,1280,662,/datadrive2/MOSE_release/train/Annotations/93723f88,93723f88,0,27,/datadrive2/MOSE_release/train/Boxes/93723f88
,/datadrive2/MOSE_release/train/JPEGImages/93c6411d,54,1104,544,/datadrive2/MOSE_release/train/Annotations/93c6411d,93c6411d,0,53,/datadrive2/MOSE_release/train/Boxes/93c6411d
,/datadrive2/MOSE_release/train/JPEGImages/93e22d48,135,1920,994,/datadrive2/MOSE_release/train/Annotations/93e22d48,93e22d48,0,134,/datadrive2/MOSE_release/train/Boxes/93e22d48
,/datadrive2/MOSE_release/train/JPEGImages/93f0f509,72,1104,622,/datadrive2/MOSE_release/train/Annotations/93f0f509,93f0f509,0,71,/datadrive2/MOSE_release/train/Boxes/93f0f509
,/datadrive2/MOSE_release/train/JPEGImages/9421b9ad,36,1280,720,/datadrive2/MOSE_release/train/Annotations/9421b9ad,9421b9ad,0,35,/datadrive2/MOSE_release/train/Boxes/9421b9ad
,/datadrive2/MOSE_release/train/JPEGImages/94767cb4,19,1920,975,/datadrive2/MOSE_release/train/Annotations/94767cb4,94767cb4,0,18,/datadrive2/MOSE_release/train/Boxes/94767cb4
,/datadrive2/MOSE_release/train/JPEGImages/94c63453,138,1920,1080,/datadrive2/MOSE_release/train/Annotations/94c63453,94c63453,0,137,/datadrive2/MOSE_release/train/Boxes/94c63453
,/datadrive2/MOSE_release/train/JPEGImages/94d3403a,150,1280,720,/datadrive2/MOSE_release/train/Annotations/94d3403a,94d3403a,0,149,/datadrive2/MOSE_release/train/Boxes/94d3403a
,/datadrive2/MOSE_release/train/JPEGImages/94f4c2aa,75,1920,1080,/datadrive2/MOSE_release/train/Annotations/94f4c2aa,94f4c2aa,0,74,/datadrive2/MOSE_release/train/Boxes/94f4c2aa
,/datadrive2/MOSE_release/train/JPEGImages/94f7c53e,55,1280,520,/datadrive2/MOSE_release/train/Annotations/94f7c53e,94f7c53e,0,54,/datadrive2/MOSE_release/train/Boxes/94f7c53e
,/datadrive2/MOSE_release/train/JPEGImages/9519832a,40,1652,1080,/datadrive2/MOSE_release/train/Annotations/9519832a,9519832a,0,39,/datadrive2/MOSE_release/train/Boxes/9519832a
,/datadrive2/MOSE_release/train/JPEGImages/95215aa1,106,1920,1080,/datadrive2/MOSE_release/train/Annotations/95215aa1,95215aa1,0,105,/datadrive2/MOSE_release/train/Boxes/95215aa1
,/datadrive2/MOSE_release/train/JPEGImages/95ab2d0f,72,2340,1080,/datadrive2/MOSE_release/train/Annotations/95ab2d0f,95ab2d0f,0,71,/datadrive2/MOSE_release/train/Boxes/95ab2d0f
,/datadrive2/MOSE_release/train/JPEGImages/95cf72d7,31,720,1280,/datadrive2/MOSE_release/train/Annotations/95cf72d7,95cf72d7,0,30,/datadrive2/MOSE_release/train/Boxes/95cf72d7
,/datadrive2/MOSE_release/train/JPEGImages/95dce33c,11,550,360,/datadrive2/MOSE_release/train/Annotations/95dce33c,95dce33c,0,10,/datadrive2/MOSE_release/train/Boxes/95dce33c
,/datadrive2/MOSE_release/train/JPEGImages/95e24093,43,900,522,/datadrive2/MOSE_release/train/Annotations/95e24093,95e24093,0,42,/datadrive2/MOSE_release/train/Boxes/95e24093
,/datadrive2/MOSE_release/train/JPEGImages/9606508b,67,1080,1152,/datadrive2/MOSE_release/train/Annotations/9606508b,9606508b,0,66,/datadrive2/MOSE_release/train/Boxes/9606508b
,/datadrive2/MOSE_release/train/JPEGImages/962ae0e2,30,1280,634,/datadrive2/MOSE_release/train/Annotations/962ae0e2,962ae0e2,0,29,/datadrive2/MOSE_release/train/Boxes/962ae0e2
,/datadrive2/MOSE_release/train/JPEGImages/9698f06e,84,1920,1080,/datadrive2/MOSE_release/train/Annotations/9698f06e,9698f06e,0,83,/datadrive2/MOSE_release/train/Boxes/9698f06e
,/datadrive2/MOSE_release/train/JPEGImages/96a6722e,130,1280,720,/datadrive2/MOSE_release/train/Annotations/96a6722e,96a6722e,0,129,/datadrive2/MOSE_release/train/Boxes/96a6722e
,/datadrive2/MOSE_release/train/JPEGImages/96b2a414,94,1280,720,/datadrive2/MOSE_release/train/Annotations/96b2a414,96b2a414,0,93,/datadrive2/MOSE_release/train/Boxes/96b2a414
,/datadrive2/MOSE_release/train/JPEGImages/9707f1e3,36,1280,530,/datadrive2/MOSE_release/train/Annotations/9707f1e3,9707f1e3,0,35,/datadrive2/MOSE_release/train/Boxes/9707f1e3
,/datadrive2/MOSE_release/train/JPEGImages/97b0811e,54,1280,720,/datadrive2/MOSE_release/train/Annotations/97b0811e,97b0811e,0,53,/datadrive2/MOSE_release/train/Boxes/97b0811e
,/datadrive2/MOSE_release/train/JPEGImages/97f58761,60,1920,1080,/datadrive2/MOSE_release/train/Annotations/97f58761,97f58761,0,59,/datadrive2/MOSE_release/train/Boxes/97f58761
,/datadrive2/MOSE_release/train/JPEGImages/980baf58,53,1920,1080,/datadrive2/MOSE_release/train/Annotations/980baf58,980baf58,0,52,/datadrive2/MOSE_release/train/Boxes/980baf58
,/datadrive2/MOSE_release/train/JPEGImages/98290486,13,1920,1080,/datadrive2/MOSE_release/train/Annotations/98290486,98290486,0,12,/datadrive2/MOSE_release/train/Boxes/98290486
,/datadrive2/MOSE_release/train/JPEGImages/983a551b,35,1280,720,/datadrive2/MOSE_release/train/Annotations/983a551b,983a551b,0,34,/datadrive2/MOSE_release/train/Boxes/983a551b
,/datadrive2/MOSE_release/train/JPEGImages/988b29a4,24,720,1280,/datadrive2/MOSE_release/train/Annotations/988b29a4,988b29a4,0,23,/datadrive2/MOSE_release/train/Boxes/988b29a4
,/datadrive2/MOSE_release/train/JPEGImages/98b0033d,72,1920,1080,/datadrive2/MOSE_release/train/Annotations/98b0033d,98b0033d,0,71,/datadrive2/MOSE_release/train/Boxes/98b0033d
,/datadrive2/MOSE_release/train/JPEGImages/99350a74,19,1920,994,/datadrive2/MOSE_release/train/Annotations/99350a74,99350a74,0,18,/datadrive2/MOSE_release/train/Boxes/99350a74
,/datadrive2/MOSE_release/train/JPEGImages/994ed763,52,1920,1080,/datadrive2/MOSE_release/train/Annotations/994ed763,994ed763,0,51,/datadrive2/MOSE_release/train/Boxes/994ed763
,/datadrive2/MOSE_release/train/JPEGImages/999e07cb,81,1280,720,/datadrive2/MOSE_release/train/Annotations/999e07cb,999e07cb,0,80,/datadrive2/MOSE_release/train/Boxes/999e07cb
,/datadrive2/MOSE_release/train/JPEGImages/9a1146b3,211,1920,1088,/datadrive2/MOSE_release/train/Annotations/9a1146b3,9a1146b3,0,210,/datadrive2/MOSE_release/train/Boxes/9a1146b3
,/datadrive2/MOSE_release/train/JPEGImages/9a2c6b5b,20,384,360,/datadrive2/MOSE_release/train/Annotations/9a2c6b5b,9a2c6b5b,0,19,/datadrive2/MOSE_release/train/Boxes/9a2c6b5b
,/datadrive2/MOSE_release/train/JPEGImages/9a48c0c9,27,1920,994,/datadrive2/MOSE_release/train/Annotations/9a48c0c9,9a48c0c9,0,26,/datadrive2/MOSE_release/train/Boxes/9a48c0c9
,/datadrive2/MOSE_release/train/JPEGImages/9a4ce701,95,1280,620,/datadrive2/MOSE_release/train/Annotations/9a4ce701,9a4ce701,0,94,/datadrive2/MOSE_release/train/Boxes/9a4ce701
,/datadrive2/MOSE_release/train/JPEGImages/9ae447a7,56,720,720,/datadrive2/MOSE_release/train/Annotations/9ae447a7,9ae447a7,0,55,/datadrive2/MOSE_release/train/Boxes/9ae447a7
,/datadrive2/MOSE_release/train/JPEGImages/9b5f0f47,57,960,544,/datadrive2/MOSE_release/train/Annotations/9b5f0f47,9b5f0f47,0,56,/datadrive2/MOSE_release/train/Boxes/9b5f0f47
,/datadrive2/MOSE_release/train/JPEGImages/9b7b2da8,4,550,313,/datadrive2/MOSE_release/train/Annotations/9b7b2da8,9b7b2da8,0,3,/datadrive2/MOSE_release/train/Boxes/9b7b2da8
,/datadrive2/MOSE_release/train/JPEGImages/9bdabdb2,72,1920,1080,/datadrive2/MOSE_release/train/Annotations/9bdabdb2,9bdabdb2,0,71,/datadrive2/MOSE_release/train/Boxes/9bdabdb2
,/datadrive2/MOSE_release/train/JPEGImages/9c0e6331,69,2340,1080,/datadrive2/MOSE_release/train/Annotations/9c0e6331,9c0e6331,0,68,/datadrive2/MOSE_release/train/Boxes/9c0e6331
,/datadrive2/MOSE_release/train/JPEGImages/9c88ae45,61,1920,1080,/datadrive2/MOSE_release/train/Annotations/9c88ae45,9c88ae45,0,60,/datadrive2/MOSE_release/train/Boxes/9c88ae45
,/datadrive2/MOSE_release/train/JPEGImages/9cb1ba0e,39,1056,1080,/datadrive2/MOSE_release/train/Annotations/9cb1ba0e,9cb1ba0e,0,38,/datadrive2/MOSE_release/train/Boxes/9cb1ba0e
,/datadrive2/MOSE_release/train/JPEGImages/9ce1d54a,129,1280,720,/datadrive2/MOSE_release/train/Annotations/9ce1d54a,9ce1d54a,0,128,/datadrive2/MOSE_release/train/Boxes/9ce1d54a
,/datadrive2/MOSE_release/train/JPEGImages/9cef7489,63,1104,498,/datadrive2/MOSE_release/train/Annotations/9cef7489,9cef7489,0,62,/datadrive2/MOSE_release/train/Boxes/9cef7489
,/datadrive2/MOSE_release/train/JPEGImages/9cff25e3,71,1280,720,/datadrive2/MOSE_release/train/Annotations/9cff25e3,9cff25e3,0,70,/datadrive2/MOSE_release/train/Boxes/9cff25e3
,/datadrive2/MOSE_release/train/JPEGImages/9d000306,8,1920,1080,/datadrive2/MOSE_release/train/Annotations/9d000306,9d000306,0,7,/datadrive2/MOSE_release/train/Boxes/9d000306
,/datadrive2/MOSE_release/train/JPEGImages/9d0b7bf1,33,551,360,/datadrive2/MOSE_release/train/Annotations/9d0b7bf1,9d0b7bf1,0,32,/datadrive2/MOSE_release/train/Boxes/9d0b7bf1
,/datadrive2/MOSE_release/train/JPEGImages/9d299f60,20,1709,820,/datadrive2/MOSE_release/train/Annotations/9d299f60,9d299f60,0,19,/datadrive2/MOSE_release/train/Boxes/9d299f60
,/datadrive2/MOSE_release/train/JPEGImages/9d394f1a,121,1920,1080,/datadrive2/MOSE_release/train/Annotations/9d394f1a,9d394f1a,0,120,/datadrive2/MOSE_release/train/Boxes/9d394f1a
,/datadrive2/MOSE_release/train/JPEGImages/9d5940d2,30,960,544,/datadrive2/MOSE_release/train/Annotations/9d5940d2,9d5940d2,0,29,/datadrive2/MOSE_release/train/Boxes/9d5940d2
,/datadrive2/MOSE_release/train/JPEGImages/9d5ab5ca,47,1918,972,/datadrive2/MOSE_release/train/Annotations/9d5ab5ca,9d5ab5ca,0,46,/datadrive2/MOSE_release/train/Boxes/9d5ab5ca
,/datadrive2/MOSE_release/train/JPEGImages/9d9ae988,40,1280,720,/datadrive2/MOSE_release/train/Annotations/9d9ae988,9d9ae988,0,39,/datadrive2/MOSE_release/train/Boxes/9d9ae988
,/datadrive2/MOSE_release/train/JPEGImages/9dfa2cc5,45,1280,720,/datadrive2/MOSE_release/train/Annotations/9dfa2cc5,9dfa2cc5,0,44,/datadrive2/MOSE_release/train/Boxes/9dfa2cc5
,/datadrive2/MOSE_release/train/JPEGImages/9e192417,75,560,360,/datadrive2/MOSE_release/train/Annotations/9e192417,9e192417,0,74,/datadrive2/MOSE_release/train/Boxes/9e192417
,/datadrive2/MOSE_release/train/JPEGImages/9e1f739d,22,1920,944,/datadrive2/MOSE_release/train/Annotations/9e1f739d,9e1f739d,0,21,/datadrive2/MOSE_release/train/Boxes/9e1f739d
,/datadrive2/MOSE_release/train/JPEGImages/9e509c0d,33,1280,520,/datadrive2/MOSE_release/train/Annotations/9e509c0d,9e509c0d,0,32,/datadrive2/MOSE_release/train/Boxes/9e509c0d
,/datadrive2/MOSE_release/train/JPEGImages/9e66a228,6,828,471,/datadrive2/MOSE_release/train/Annotations/9e66a228,9e66a228,0,5,/datadrive2/MOSE_release/train/Boxes/9e66a228
,/datadrive2/MOSE_release/train/JPEGImages/9e85179b,210,1920,1080,/datadrive2/MOSE_release/train/Annotations/9e85179b,9e85179b,0,209,/datadrive2/MOSE_release/train/Boxes/9e85179b
,/datadrive2/MOSE_release/train/JPEGImages/9eb92f21,3,1280,662,/datadrive2/MOSE_release/train/Annotations/9eb92f21,9eb92f21,0,2,/datadrive2/MOSE_release/train/Boxes/9eb92f21
,/datadrive2/MOSE_release/train/JPEGImages/9ed4317a,77,1920,944,/datadrive2/MOSE_release/train/Annotations/9ed4317a,9ed4317a,0,76,/datadrive2/MOSE_release/train/Boxes/9ed4317a
,/datadrive2/MOSE_release/train/JPEGImages/9ee59f51,61,1280,720,/datadrive2/MOSE_release/train/Annotations/9ee59f51,9ee59f51,0,60,/datadrive2/MOSE_release/train/Boxes/9ee59f51
,/datadrive2/MOSE_release/train/JPEGImages/9f2323ac,25,1536,928,/datadrive2/MOSE_release/train/Annotations/9f2323ac,9f2323ac,0,24,/datadrive2/MOSE_release/train/Boxes/9f2323ac
,/datadrive2/MOSE_release/train/JPEGImages/9f25fc61,28,960,544,/datadrive2/MOSE_release/train/Annotations/9f25fc61,9f25fc61,0,27,/datadrive2/MOSE_release/train/Boxes/9f25fc61
,/datadrive2/MOSE_release/train/JPEGImages/9fa2118b,6,1920,994,/datadrive2/MOSE_release/train/Annotations/9fa2118b,9fa2118b,0,5,/datadrive2/MOSE_release/train/Boxes/9fa2118b
,/datadrive2/MOSE_release/train/JPEGImages/9fadf42c,4,544,315,/datadrive2/MOSE_release/train/Annotations/9fadf42c,9fadf42c,0,3,/datadrive2/MOSE_release/train/Boxes/9fadf42c
,/datadrive2/MOSE_release/train/JPEGImages/9fc933f6,72,640,368,/datadrive2/MOSE_release/train/Annotations/9fc933f6,9fc933f6,0,71,/datadrive2/MOSE_release/train/Boxes/9fc933f6
,/datadrive2/MOSE_release/train/JPEGImages/9fcd95eb,18,1920,1080,/datadrive2/MOSE_release/train/Annotations/9fcd95eb,9fcd95eb,0,17,/datadrive2/MOSE_release/train/Boxes/9fcd95eb
,/datadrive2/MOSE_release/train/JPEGImages/9ffb2818,126,1280,720,/datadrive2/MOSE_release/train/Annotations/9ffb2818,9ffb2818,0,125,/datadrive2/MOSE_release/train/Boxes/9ffb2818
,/datadrive2/MOSE_release/train/JPEGImages/a02ed92c,36,1920,945,/datadrive2/MOSE_release/train/Annotations/a02ed92c,a02ed92c,0,35,/datadrive2/MOSE_release/train/Boxes/a02ed92c
,/datadrive2/MOSE_release/train/JPEGImages/a034feb2,150,1920,1080,/datadrive2/MOSE_release/train/Annotations/a034feb2,a034feb2,0,149,/datadrive2/MOSE_release/train/Boxes/a034feb2
,/datadrive2/MOSE_release/train/JPEGImages/a0669957,84,1910,945,/datadrive2/MOSE_release/train/Annotations/a0669957,a0669957,0,83,/datadrive2/MOSE_release/train/Boxes/a0669957
,/datadrive2/MOSE_release/train/JPEGImages/a0ca072a,21,2160,3840,/datadrive2/MOSE_release/train/Annotations/a0ca072a,a0ca072a,0,20,/datadrive2/MOSE_release/train/Boxes/a0ca072a
,/datadrive2/MOSE_release/train/JPEGImages/a14de179,34,1920,1080,/datadrive2/MOSE_release/train/Annotations/a14de179,a14de179,0,33,/datadrive2/MOSE_release/train/Boxes/a14de179
,/datadrive2/MOSE_release/train/JPEGImages/a19507e1,37,578,576,/datadrive2/MOSE_release/train/Annotations/a19507e1,a19507e1,0,36,/datadrive2/MOSE_release/train/Boxes/a19507e1
,/datadrive2/MOSE_release/train/JPEGImages/a1a4991f,29,1920,1080,/datadrive2/MOSE_release/train/Annotations/a1a4991f,a1a4991f,0,28,/datadrive2/MOSE_release/train/Boxes/a1a4991f
,/datadrive2/MOSE_release/train/JPEGImages/a1f4c54d,30,1920,886,/datadrive2/MOSE_release/train/Annotations/a1f4c54d,a1f4c54d,0,29,/datadrive2/MOSE_release/train/Boxes/a1f4c54d
,/datadrive2/MOSE_release/train/JPEGImages/a20baeec,61,1424,744,/datadrive2/MOSE_release/train/Annotations/a20baeec,a20baeec,0,60,/datadrive2/MOSE_release/train/Boxes/a20baeec
,/datadrive2/MOSE_release/train/JPEGImages/a217538c,46,900,456,/datadrive2/MOSE_release/train/Annotations/a217538c,a217538c,0,45,/datadrive2/MOSE_release/train/Boxes/a217538c
,/datadrive2/MOSE_release/train/JPEGImages/a218e951,24,1104,544,/datadrive2/MOSE_release/train/Annotations/a218e951,a218e951,0,23,/datadrive2/MOSE_release/train/Boxes/a218e951
,/datadrive2/MOSE_release/train/JPEGImages/a23048fe,116,1920,1080,/datadrive2/MOSE_release/train/Annotations/a23048fe,a23048fe,0,115,/datadrive2/MOSE_release/train/Boxes/a23048fe
,/datadrive2/MOSE_release/train/JPEGImages/a25316a3,101,1280,720,/datadrive2/MOSE_release/train/Annotations/a25316a3,a25316a3,0,100,/datadrive2/MOSE_release/train/Boxes/a25316a3
,/datadrive2/MOSE_release/train/JPEGImages/a2768c47,80,1280,720,/datadrive2/MOSE_release/train/Annotations/a2768c47,a2768c47,0,79,/datadrive2/MOSE_release/train/Boxes/a2768c47
,/datadrive2/MOSE_release/train/JPEGImages/a29472bf,6,1920,972,/datadrive2/MOSE_release/train/Annotations/a29472bf,a29472bf,0,5,/datadrive2/MOSE_release/train/Boxes/a29472bf
,/datadrive2/MOSE_release/train/JPEGImages/a2bbc8c0,6,1920,1080,/datadrive2/MOSE_release/train/Annotations/a2bbc8c0,a2bbc8c0,0,5,/datadrive2/MOSE_release/train/Boxes/a2bbc8c0
,/datadrive2/MOSE_release/train/JPEGImages/a2df1bee,92,1920,1080,/datadrive2/MOSE_release/train/Annotations/a2df1bee,a2df1bee,0,91,/datadrive2/MOSE_release/train/Boxes/a2df1bee
,/datadrive2/MOSE_release/train/JPEGImages/a304029b,68,2340,1080,/datadrive2/MOSE_release/train/Annotations/a304029b,a304029b,0,67,/datadrive2/MOSE_release/train/Boxes/a304029b
,/datadrive2/MOSE_release/train/JPEGImages/a338c8aa,22,550,360,/datadrive2/MOSE_release/train/Annotations/a338c8aa,a338c8aa,0,21,/datadrive2/MOSE_release/train/Boxes/a338c8aa
,/datadrive2/MOSE_release/train/JPEGImages/a386eaa2,60,1920,908,/datadrive2/MOSE_release/train/Annotations/a386eaa2,a386eaa2,0,59,/datadrive2/MOSE_release/train/Boxes/a386eaa2
,/datadrive2/MOSE_release/train/JPEGImages/a38d648a,45,1652,1080,/datadrive2/MOSE_release/train/Annotations/a38d648a,a38d648a,0,44,/datadrive2/MOSE_release/train/Boxes/a38d648a
,/datadrive2/MOSE_release/train/JPEGImages/a3a80cf7,270,1920,1080,/datadrive2/MOSE_release/train/Annotations/a3a80cf7,a3a80cf7,0,269,/datadrive2/MOSE_release/train/Boxes/a3a80cf7
,/datadrive2/MOSE_release/train/JPEGImages/a3c56751,68,1920,1080,/datadrive2/MOSE_release/train/Annotations/a3c56751,a3c56751,0,67,/datadrive2/MOSE_release/train/Boxes/a3c56751
,/datadrive2/MOSE_release/train/JPEGImages/a3e85b4b,132,1280,720,/datadrive2/MOSE_release/train/Annotations/a3e85b4b,a3e85b4b,0,131,/datadrive2/MOSE_release/train/Boxes/a3e85b4b
,/datadrive2/MOSE_release/train/JPEGImages/a3f0cb28,60,3840,2160,/datadrive2/MOSE_release/train/Annotations/a3f0cb28,a3f0cb28,0,59,/datadrive2/MOSE_release/train/Boxes/a3f0cb28
,/datadrive2/MOSE_release/train/JPEGImages/a41e8c44,25,1280,630,/datadrive2/MOSE_release/train/Annotations/a41e8c44,a41e8c44,0,24,/datadrive2/MOSE_release/train/Boxes/a41e8c44
,/datadrive2/MOSE_release/train/JPEGImages/a4287634,3,1920,1080,/datadrive2/MOSE_release/train/Annotations/a4287634,a4287634,0,2,/datadrive2/MOSE_release/train/Boxes/a4287634
,/datadrive2/MOSE_release/train/JPEGImages/a42f54f5,25,1652,1080,/datadrive2/MOSE_release/train/Annotations/a42f54f5,a42f54f5,0,24,/datadrive2/MOSE_release/train/Boxes/a42f54f5
,/datadrive2/MOSE_release/train/JPEGImages/a4457543,26,1280,720,/datadrive2/MOSE_release/train/Annotations/a4457543,a4457543,0,25,/datadrive2/MOSE_release/train/Boxes/a4457543
,/datadrive2/MOSE_release/train/JPEGImages/a4564b94,33,640,362,/datadrive2/MOSE_release/train/Annotations/a4564b94,a4564b94,0,32,/datadrive2/MOSE_release/train/Boxes/a4564b94
,/datadrive2/MOSE_release/train/JPEGImages/a4587f62,50,1920,1080,/datadrive2/MOSE_release/train/Annotations/a4587f62,a4587f62,0,49,/datadrive2/MOSE_release/train/Boxes/a4587f62
,/datadrive2/MOSE_release/train/JPEGImages/a46b7b77,120,1280,720,/datadrive2/MOSE_release/train/Annotations/a46b7b77,a46b7b77,0,119,/datadrive2/MOSE_release/train/Boxes/a46b7b77
,/datadrive2/MOSE_release/train/JPEGImages/a49ce97b,20,1920,1080,/datadrive2/MOSE_release/train/Annotations/a49ce97b,a49ce97b,0,19,/datadrive2/MOSE_release/train/Boxes/a49ce97b
,/datadrive2/MOSE_release/train/JPEGImages/a4a8e24b,15,512,252,/datadrive2/MOSE_release/train/Annotations/a4a8e24b,a4a8e24b,0,14,/datadrive2/MOSE_release/train/Boxes/a4a8e24b
,/datadrive2/MOSE_release/train/JPEGImages/a4a9d03d,32,1088,888,/datadrive2/MOSE_release/train/Annotations/a4a9d03d,a4a9d03d,0,31,/datadrive2/MOSE_release/train/Boxes/a4a9d03d
,/datadrive2/MOSE_release/train/JPEGImages/a4fc4f17,36,1452,720,/datadrive2/MOSE_release/train/Annotations/a4fc4f17,a4fc4f17,0,35,/datadrive2/MOSE_release/train/Boxes/a4fc4f17
,/datadrive2/MOSE_release/train/JPEGImages/a53ef3fa,17,1920,1080,/datadrive2/MOSE_release/train/Annotations/a53ef3fa,a53ef3fa,0,16,/datadrive2/MOSE_release/train/Boxes/a53ef3fa
,/datadrive2/MOSE_release/train/JPEGImages/a58578e5,23,1920,1080,/datadrive2/MOSE_release/train/Annotations/a58578e5,a58578e5,0,22,/datadrive2/MOSE_release/train/Boxes/a58578e5
,/datadrive2/MOSE_release/train/JPEGImages/a5905593,210,1920,1080,/datadrive2/MOSE_release/train/Annotations/a5905593,a5905593,0,209,/datadrive2/MOSE_release/train/Boxes/a5905593
,/datadrive2/MOSE_release/train/JPEGImages/a598602d,9,428,294,/datadrive2/MOSE_release/train/Annotations/a598602d,a598602d,0,8,/datadrive2/MOSE_release/train/Boxes/a598602d
,/datadrive2/MOSE_release/train/JPEGImages/a5cf4c8d,47,2160,1080,/datadrive2/MOSE_release/train/Annotations/a5cf4c8d,a5cf4c8d,0,46,/datadrive2/MOSE_release/train/Boxes/a5cf4c8d
,/datadrive2/MOSE_release/train/JPEGImages/a5f70ce7,100,1280,662,/datadrive2/MOSE_release/train/Annotations/a5f70ce7,a5f70ce7,0,99,/datadrive2/MOSE_release/train/Boxes/a5f70ce7
,/datadrive2/MOSE_release/train/JPEGImages/a6121689,90,1918,764,/datadrive2/MOSE_release/train/Annotations/a6121689,a6121689,0,89,/datadrive2/MOSE_release/train/Boxes/a6121689
,/datadrive2/MOSE_release/train/JPEGImages/a64e724c,36,1918,764,/datadrive2/MOSE_release/train/Annotations/a64e724c,a64e724c,0,35,/datadrive2/MOSE_release/train/Boxes/a64e724c
,/datadrive2/MOSE_release/train/JPEGImages/a658e949,50,1920,896,/datadrive2/MOSE_release/train/Annotations/a658e949,a658e949,0,49,/datadrive2/MOSE_release/train/Boxes/a658e949
,/datadrive2/MOSE_release/train/JPEGImages/a678cdab,32,864,1425,/datadrive2/MOSE_release/train/Annotations/a678cdab,a678cdab,0,31,/datadrive2/MOSE_release/train/Boxes/a678cdab
,/datadrive2/MOSE_release/train/JPEGImages/a69df343,61,1280,720,/datadrive2/MOSE_release/train/Annotations/a69df343,a69df343,0,60,/datadrive2/MOSE_release/train/Boxes/a69df343
,/datadrive2/MOSE_release/train/JPEGImages/a6adef89,50,1280,590,/datadrive2/MOSE_release/train/Annotations/a6adef89,a6adef89,0,49,/datadrive2/MOSE_release/train/Boxes/a6adef89
,/datadrive2/MOSE_release/train/JPEGImages/a6f0d882,181,1280,720,/datadrive2/MOSE_release/train/Annotations/a6f0d882,a6f0d882,0,180,/datadrive2/MOSE_release/train/Boxes/a6f0d882
,/datadrive2/MOSE_release/train/JPEGImages/a6fcde01,36,1920,1080,/datadrive2/MOSE_release/train/Annotations/a6fcde01,a6fcde01,0,35,/datadrive2/MOSE_release/train/Boxes/a6fcde01
,/datadrive2/MOSE_release/train/JPEGImages/a76ee415,34,1920,944,/datadrive2/MOSE_release/train/Annotations/a76ee415,a76ee415,0,33,/datadrive2/MOSE_release/train/Boxes/a76ee415
,/datadrive2/MOSE_release/train/JPEGImages/a7b05677,32,1920,944,/datadrive2/MOSE_release/train/Annotations/a7b05677,a7b05677,0,31,/datadrive2/MOSE_release/train/Boxes/a7b05677
,/datadrive2/MOSE_release/train/JPEGImages/a7b8ac96,23,572,327,/datadrive2/MOSE_release/train/Annotations/a7b8ac96,a7b8ac96,0,22,/datadrive2/MOSE_release/train/Boxes/a7b8ac96
,/datadrive2/MOSE_release/train/JPEGImages/a7c21e95,21,384,360,/datadrive2/MOSE_release/train/Annotations/a7c21e95,a7c21e95,0,20,/datadrive2/MOSE_release/train/Boxes/a7c21e95
,/datadrive2/MOSE_release/train/JPEGImages/a7eb6616,41,1920,944,/datadrive2/MOSE_release/train/Annotations/a7eb6616,a7eb6616,0,40,/datadrive2/MOSE_release/train/Boxes/a7eb6616
,/datadrive2/MOSE_release/train/JPEGImages/a810399b,42,1920,1080,/datadrive2/MOSE_release/train/Annotations/a810399b,a810399b,0,41,/datadrive2/MOSE_release/train/Boxes/a810399b
,/datadrive2/MOSE_release/train/JPEGImages/a84c60e6,108,1920,1080,/datadrive2/MOSE_release/train/Annotations/a84c60e6,a84c60e6,0,107,/datadrive2/MOSE_release/train/Boxes/a84c60e6
,/datadrive2/MOSE_release/train/JPEGImages/a86f84ee,51,1920,1080,/datadrive2/MOSE_release/train/Annotations/a86f84ee,a86f84ee,0,50,/datadrive2/MOSE_release/train/Boxes/a86f84ee
,/datadrive2/MOSE_release/train/JPEGImages/a8828854,60,1280,720,/datadrive2/MOSE_release/train/Annotations/a8828854,a8828854,0,59,/datadrive2/MOSE_release/train/Boxes/a8828854
,/datadrive2/MOSE_release/train/JPEGImages/a8934c0d,53,1920,1080,/datadrive2/MOSE_release/train/Annotations/a8934c0d,a8934c0d,0,52,/datadrive2/MOSE_release/train/Boxes/a8934c0d
,/datadrive2/MOSE_release/train/JPEGImages/a9162e14,36,1920,1080,/datadrive2/MOSE_release/train/Annotations/a9162e14,a9162e14,0,35,/datadrive2/MOSE_release/train/Boxes/a9162e14
,/datadrive2/MOSE_release/train/JPEGImages/a92390a0,71,1280,720,/datadrive2/MOSE_release/train/Annotations/a92390a0,a92390a0,0,70,/datadrive2/MOSE_release/train/Boxes/a92390a0
,/datadrive2/MOSE_release/train/JPEGImages/a938c6b2,70,828,471,/datadrive2/MOSE_release/train/Annotations/a938c6b2,a938c6b2,0,69,/datadrive2/MOSE_release/train/Boxes/a938c6b2
,/datadrive2/MOSE_release/train/JPEGImages/a946317a,74,1280,720,/datadrive2/MOSE_release/train/Annotations/a946317a,a946317a,0,73,/datadrive2/MOSE_release/train/Boxes/a946317a
,/datadrive2/MOSE_release/train/JPEGImages/a95f0aea,101,1680,1080,/datadrive2/MOSE_release/train/Annotations/a95f0aea,a95f0aea,0,100,/datadrive2/MOSE_release/train/Boxes/a95f0aea
,/datadrive2/MOSE_release/train/JPEGImages/a966d7fd,66,1920,1080,/datadrive2/MOSE_release/train/Annotations/a966d7fd,a966d7fd,0,65,/datadrive2/MOSE_release/train/Boxes/a966d7fd
,/datadrive2/MOSE_release/train/JPEGImages/a96b3010,25,1920,1080,/datadrive2/MOSE_release/train/Annotations/a96b3010,a96b3010,0,24,/datadrive2/MOSE_release/train/Boxes/a96b3010
,/datadrive2/MOSE_release/train/JPEGImages/a988ec74,28,576,1024,/datadrive2/MOSE_release/train/Annotations/a988ec74,a988ec74,0,27,/datadrive2/MOSE_release/train/Boxes/a988ec74
,/datadrive2/MOSE_release/train/JPEGImages/a99df45f,60,640,360,/datadrive2/MOSE_release/train/Annotations/a99df45f,a99df45f,0,59,/datadrive2/MOSE_release/train/Boxes/a99df45f
,/datadrive2/MOSE_release/train/JPEGImages/a9c6abf2,21,2336,1080,/datadrive2/MOSE_release/train/Annotations/a9c6abf2,a9c6abf2,0,20,/datadrive2/MOSE_release/train/Boxes/a9c6abf2
,/datadrive2/MOSE_release/train/JPEGImages/a9f5e251,25,848,480,/datadrive2/MOSE_release/train/Annotations/a9f5e251,a9f5e251,0,24,/datadrive2/MOSE_release/train/Boxes/a9f5e251
,/datadrive2/MOSE_release/train/JPEGImages/a9f8b8b4,51,1920,1080,/datadrive2/MOSE_release/train/Annotations/a9f8b8b4,a9f8b8b4,0,50,/datadrive2/MOSE_release/train/Boxes/a9f8b8b4
,/datadrive2/MOSE_release/train/JPEGImages/aa185af5,50,1280,720,/datadrive2/MOSE_release/train/Annotations/aa185af5,aa185af5,0,49,/datadrive2/MOSE_release/train/Boxes/aa185af5
,/datadrive2/MOSE_release/train/JPEGImages/aa22f9d0,36,1920,1080,/datadrive2/MOSE_release/train/Annotations/aa22f9d0,aa22f9d0,0,35,/datadrive2/MOSE_release/train/Boxes/aa22f9d0
,/datadrive2/MOSE_release/train/JPEGImages/aa348c45,30,1080,826,/datadrive2/MOSE_release/train/Annotations/aa348c45,aa348c45,0,29,/datadrive2/MOSE_release/train/Boxes/aa348c45
,/datadrive2/MOSE_release/train/JPEGImages/aa425600,42,1080,1920,/datadrive2/MOSE_release/train/Annotations/aa425600,aa425600,0,41,/datadrive2/MOSE_release/train/Boxes/aa425600
,/datadrive2/MOSE_release/train/JPEGImages/aa718745,61,1920,945,/datadrive2/MOSE_release/train/Annotations/aa718745,aa718745,0,60,/datadrive2/MOSE_release/train/Boxes/aa718745
,/datadrive2/MOSE_release/train/JPEGImages/aa911a8e,51,1280,720,/datadrive2/MOSE_release/train/Annotations/aa911a8e,aa911a8e,0,50,/datadrive2/MOSE_release/train/Boxes/aa911a8e
,/datadrive2/MOSE_release/train/JPEGImages/aa92e070,28,550,360,/datadrive2/MOSE_release/train/Annotations/aa92e070,aa92e070,0,27,/datadrive2/MOSE_release/train/Boxes/aa92e070
,/datadrive2/MOSE_release/train/JPEGImages/aab5ed11,81,1284,720,/datadrive2/MOSE_release/train/Annotations/aab5ed11,aab5ed11,0,80,/datadrive2/MOSE_release/train/Boxes/aab5ed11
,/datadrive2/MOSE_release/train/JPEGImages/aac33bff,14,1920,972,/datadrive2/MOSE_release/train/Annotations/aac33bff,aac33bff,0,13,/datadrive2/MOSE_release/train/Boxes/aac33bff
,/datadrive2/MOSE_release/train/JPEGImages/aae923b8,47,1766,945,/datadrive2/MOSE_release/train/Annotations/aae923b8,aae923b8,0,46,/datadrive2/MOSE_release/train/Boxes/aae923b8
,/datadrive2/MOSE_release/train/JPEGImages/aaecaa39,138,1280,720,/datadrive2/MOSE_release/train/Annotations/aaecaa39,aaecaa39,0,137,/datadrive2/MOSE_release/train/Boxes/aaecaa39
,/datadrive2/MOSE_release/train/JPEGImages/aafea009,30,2340,1080,/datadrive2/MOSE_release/train/Annotations/aafea009,aafea009,0,29,/datadrive2/MOSE_release/train/Boxes/aafea009
,/datadrive2/MOSE_release/train/JPEGImages/ab0646a9,60,1920,1080,/datadrive2/MOSE_release/train/Annotations/ab0646a9,ab0646a9,0,59,/datadrive2/MOSE_release/train/Boxes/ab0646a9
,/datadrive2/MOSE_release/train/JPEGImages/ab2714f3,77,1056,1080,/datadrive2/MOSE_release/train/Annotations/ab2714f3,ab2714f3,0,76,/datadrive2/MOSE_release/train/Boxes/ab2714f3
,/datadrive2/MOSE_release/train/JPEGImages/ab417352,47,578,576,/datadrive2/MOSE_release/train/Annotations/ab417352,ab417352,0,46,/datadrive2/MOSE_release/train/Boxes/ab417352
,/datadrive2/MOSE_release/train/JPEGImages/ab461319,15,848,480,/datadrive2/MOSE_release/train/Annotations/ab461319,ab461319,0,14,/datadrive2/MOSE_release/train/Boxes/ab461319
,/datadrive2/MOSE_release/train/JPEGImages/ab6413a8,13,1920,1080,/datadrive2/MOSE_release/train/Annotations/ab6413a8,ab6413a8,0,12,/datadrive2/MOSE_release/train/Boxes/ab6413a8
,/datadrive2/MOSE_release/train/JPEGImages/abcb7665,88,2340,1080,/datadrive2/MOSE_release/train/Annotations/abcb7665,abcb7665,0,87,/datadrive2/MOSE_release/train/Boxes/abcb7665
,/datadrive2/MOSE_release/train/JPEGImages/ac093040,43,912,654,/datadrive2/MOSE_release/train/Annotations/ac093040,ac093040,0,42,/datadrive2/MOSE_release/train/Boxes/ac093040
,/datadrive2/MOSE_release/train/JPEGImages/ac32a655,124,1920,1080,/datadrive2/MOSE_release/train/Annotations/ac32a655,ac32a655,0,123,/datadrive2/MOSE_release/train/Boxes/ac32a655
,/datadrive2/MOSE_release/train/JPEGImages/ac7deb19,36,1280,720,/datadrive2/MOSE_release/train/Annotations/ac7deb19,ac7deb19,0,35,/datadrive2/MOSE_release/train/Boxes/ac7deb19
,/datadrive2/MOSE_release/train/JPEGImages/acaef45e,30,1920,1080,/datadrive2/MOSE_release/train/Annotations/acaef45e,acaef45e,0,29,/datadrive2/MOSE_release/train/Boxes/acaef45e
,/datadrive2/MOSE_release/train/JPEGImages/acec8407,60,1920,1080,/datadrive2/MOSE_release/train/Annotations/acec8407,acec8407,0,59,/datadrive2/MOSE_release/train/Boxes/acec8407
,/datadrive2/MOSE_release/train/JPEGImages/ad1881d1,76,1280,720,/datadrive2/MOSE_release/train/Annotations/ad1881d1,ad1881d1,0,75,/datadrive2/MOSE_release/train/Boxes/ad1881d1
,/datadrive2/MOSE_release/train/JPEGImages/ad57acd1,32,2160,1080,/datadrive2/MOSE_release/train/Annotations/ad57acd1,ad57acd1,0,31,/datadrive2/MOSE_release/train/Boxes/ad57acd1
,/datadrive2/MOSE_release/train/JPEGImages/ad8cd1e0,30,1543,774,/datadrive2/MOSE_release/train/Annotations/ad8cd1e0,ad8cd1e0,0,29,/datadrive2/MOSE_release/train/Boxes/ad8cd1e0
,/datadrive2/MOSE_release/train/JPEGImages/adb82dc9,99,960,472,/datadrive2/MOSE_release/train/Annotations/adb82dc9,adb82dc9,0,98,/datadrive2/MOSE_release/train/Boxes/adb82dc9
,/datadrive2/MOSE_release/train/JPEGImages/adbd400b,30,1920,918,/datadrive2/MOSE_release/train/Annotations/adbd400b,adbd400b,0,29,/datadrive2/MOSE_release/train/Boxes/adbd400b
,/datadrive2/MOSE_release/train/JPEGImages/ade9ee91,93,960,540,/datadrive2/MOSE_release/train/Annotations/ade9ee91,ade9ee91,0,92,/datadrive2/MOSE_release/train/Boxes/ade9ee91
,/datadrive2/MOSE_release/train/JPEGImages/adeaf5aa,111,1280,720,/datadrive2/MOSE_release/train/Annotations/adeaf5aa,adeaf5aa,0,110,/datadrive2/MOSE_release/train/Boxes/adeaf5aa
,/datadrive2/MOSE_release/train/JPEGImages/adf443e1,55,1920,972,/datadrive2/MOSE_release/train/Annotations/adf443e1,adf443e1,0,54,/datadrive2/MOSE_release/train/Boxes/adf443e1
,/datadrive2/MOSE_release/train/JPEGImages/ae043406,18,640,317,/datadrive2/MOSE_release/train/Annotations/ae043406,ae043406,0,17,/datadrive2/MOSE_release/train/Boxes/ae043406
,/datadrive2/MOSE_release/train/JPEGImages/ae42601c,10,640,296,/datadrive2/MOSE_release/train/Annotations/ae42601c,ae42601c,0,9,/datadrive2/MOSE_release/train/Boxes/ae42601c
,/datadrive2/MOSE_release/train/JPEGImages/ae470d2b,25,512,252,/datadrive2/MOSE_release/train/Annotations/ae470d2b,ae470d2b,0,24,/datadrive2/MOSE_release/train/Boxes/ae470d2b
,/datadrive2/MOSE_release/train/JPEGImages/ae70fb7c,62,1280,630,/datadrive2/MOSE_release/train/Annotations/ae70fb7c,ae70fb7c,0,61,/datadrive2/MOSE_release/train/Boxes/ae70fb7c
,/datadrive2/MOSE_release/train/JPEGImages/aef0d049,101,1280,720,/datadrive2/MOSE_release/train/Annotations/aef0d049,aef0d049,0,100,/datadrive2/MOSE_release/train/Boxes/aef0d049
,/datadrive2/MOSE_release/train/JPEGImages/af509e8f,72,1280,720,/datadrive2/MOSE_release/train/Annotations/af509e8f,af509e8f,0,71,/datadrive2/MOSE_release/train/Boxes/af509e8f
,/datadrive2/MOSE_release/train/JPEGImages/af5666b2,52,1104,544,/datadrive2/MOSE_release/train/Annotations/af5666b2,af5666b2,0,51,/datadrive2/MOSE_release/train/Boxes/af5666b2
,/datadrive2/MOSE_release/train/JPEGImages/afc7664d,21,3840,2160,/datadrive2/MOSE_release/train/Annotations/afc7664d,afc7664d,0,20,/datadrive2/MOSE_release/train/Boxes/afc7664d
,/datadrive2/MOSE_release/train/JPEGImages/aff08a61,46,1920,1080,/datadrive2/MOSE_release/train/Annotations/aff08a61,aff08a61,0,45,/datadrive2/MOSE_release/train/Boxes/aff08a61
,/datadrive2/MOSE_release/train/JPEGImages/b0197182,78,1101,720,/datadrive2/MOSE_release/train/Annotations/b0197182,b0197182,0,77,/datadrive2/MOSE_release/train/Boxes/b0197182
,/datadrive2/MOSE_release/train/JPEGImages/b0240233,67,1920,1080,/datadrive2/MOSE_release/train/Annotations/b0240233,b0240233,0,66,/datadrive2/MOSE_release/train/Boxes/b0240233
,/datadrive2/MOSE_release/train/JPEGImages/b06a902e,101,1280,720,/datadrive2/MOSE_release/train/Annotations/b06a902e,b06a902e,0,100,/datadrive2/MOSE_release/train/Boxes/b06a902e
,/datadrive2/MOSE_release/train/JPEGImages/b0c5459f,65,560,360,/datadrive2/MOSE_release/train/Annotations/b0c5459f,b0c5459f,0,64,/datadrive2/MOSE_release/train/Boxes/b0c5459f
,/datadrive2/MOSE_release/train/JPEGImages/b0c90527,25,1920,872,/datadrive2/MOSE_release/train/Annotations/b0c90527,b0c90527,0,24,/datadrive2/MOSE_release/train/Boxes/b0c90527
,/datadrive2/MOSE_release/train/JPEGImages/b0d09e6a,85,1920,1080,/datadrive2/MOSE_release/train/Annotations/b0d09e6a,b0d09e6a,0,84,/datadrive2/MOSE_release/train/Boxes/b0d09e6a
,/datadrive2/MOSE_release/train/JPEGImages/b0e98fdd,47,1280,592,/datadrive2/MOSE_release/train/Annotations/b0e98fdd,b0e98fdd,0,46,/datadrive2/MOSE_release/train/Boxes/b0e98fdd
,/datadrive2/MOSE_release/train/JPEGImages/b0f7e75c,40,966,622,/datadrive2/MOSE_release/train/Annotations/b0f7e75c,b0f7e75c,0,39,/datadrive2/MOSE_release/train/Boxes/b0f7e75c
,/datadrive2/MOSE_release/train/JPEGImages/b0ffaf3b,34,900,536,/datadrive2/MOSE_release/train/Annotations/b0ffaf3b,b0ffaf3b,0,33,/datadrive2/MOSE_release/train/Boxes/b0ffaf3b
,/datadrive2/MOSE_release/train/JPEGImages/b12701b7,30,1920,972,/datadrive2/MOSE_release/train/Annotations/b12701b7,b12701b7,0,29,/datadrive2/MOSE_release/train/Boxes/b12701b7
,/datadrive2/MOSE_release/train/JPEGImages/b1af350d,46,2340,1080,/datadrive2/MOSE_release/train/Annotations/b1af350d,b1af350d,0,45,/datadrive2/MOSE_release/train/Boxes/b1af350d
,/datadrive2/MOSE_release/train/JPEGImages/b1affe79,35,1920,1080,/datadrive2/MOSE_release/train/Annotations/b1affe79,b1affe79,0,34,/datadrive2/MOSE_release/train/Boxes/b1affe79
,/datadrive2/MOSE_release/train/JPEGImages/b1b32ddd,55,960,544,/datadrive2/MOSE_release/train/Annotations/b1b32ddd,b1b32ddd,0,54,/datadrive2/MOSE_release/train/Boxes/b1b32ddd
,/datadrive2/MOSE_release/train/JPEGImages/b1faf52b,131,950,622,/datadrive2/MOSE_release/train/Annotations/b1faf52b,b1faf52b,0,130,/datadrive2/MOSE_release/train/Boxes/b1faf52b
,/datadrive2/MOSE_release/train/JPEGImages/b20e6781,71,1280,720,/datadrive2/MOSE_release/train/Annotations/b20e6781,b20e6781,0,70,/datadrive2/MOSE_release/train/Boxes/b20e6781
,/datadrive2/MOSE_release/train/JPEGImages/b2f4d608,67,1056,1080,/datadrive2/MOSE_release/train/Annotations/b2f4d608,b2f4d608,0,66,/datadrive2/MOSE_release/train/Boxes/b2f4d608
,/datadrive2/MOSE_release/train/JPEGImages/b30744df,216,1280,720,/datadrive2/MOSE_release/train/Annotations/b30744df,b30744df,0,215,/datadrive2/MOSE_release/train/Boxes/b30744df
,/datadrive2/MOSE_release/train/JPEGImages/b33ade7c,80,1280,720,/datadrive2/MOSE_release/train/Annotations/b33ade7c,b33ade7c,0,79,/datadrive2/MOSE_release/train/Boxes/b33ade7c
,/datadrive2/MOSE_release/train/JPEGImages/b35cc2f3,36,480,270,/datadrive2/MOSE_release/train/Annotations/b35cc2f3,b35cc2f3,0,35,/datadrive2/MOSE_release/train/Boxes/b35cc2f3
,/datadrive2/MOSE_release/train/JPEGImages/b3745d91,70,1920,1080,/datadrive2/MOSE_release/train/Annotations/b3745d91,b3745d91,0,69,/datadrive2/MOSE_release/train/Boxes/b3745d91
,/datadrive2/MOSE_release/train/JPEGImages/b394847f,39,1920,1080,/datadrive2/MOSE_release/train/Annotations/b394847f,b394847f,0,38,/datadrive2/MOSE_release/train/Boxes/b394847f
,/datadrive2/MOSE_release/train/JPEGImages/b399ccdb,44,1920,854,/datadrive2/MOSE_release/train/Annotations/b399ccdb,b399ccdb,0,43,/datadrive2/MOSE_release/train/Boxes/b399ccdb
,/datadrive2/MOSE_release/train/JPEGImages/b3aff7f8,68,1280,720,/datadrive2/MOSE_release/train/Annotations/b3aff7f8,b3aff7f8,0,67,/datadrive2/MOSE_release/train/Boxes/b3aff7f8
,/datadrive2/MOSE_release/train/JPEGImages/b3b51117,63,1280,720,/datadrive2/MOSE_release/train/Annotations/b3b51117,b3b51117,0,62,/datadrive2/MOSE_release/train/Boxes/b3b51117
,/datadrive2/MOSE_release/train/JPEGImages/b3f5d019,39,1906,945,/datadrive2/MOSE_release/train/Annotations/b3f5d019,b3f5d019,0,38,/datadrive2/MOSE_release/train/Boxes/b3f5d019
,/datadrive2/MOSE_release/train/JPEGImages/b432c3ef,21,640,360,/datadrive2/MOSE_release/train/Annotations/b432c3ef,b432c3ef,0,20,/datadrive2/MOSE_release/train/Boxes/b432c3ef
,/datadrive2/MOSE_release/train/JPEGImages/b454fdbc,43,1440,1080,/datadrive2/MOSE_release/train/Annotations/b454fdbc,b454fdbc,0,42,/datadrive2/MOSE_release/train/Boxes/b454fdbc
,/datadrive2/MOSE_release/train/JPEGImages/b46c822b,39,1920,994,/datadrive2/MOSE_release/train/Annotations/b46c822b,b46c822b,0,38,/datadrive2/MOSE_release/train/Boxes/b46c822b
,/datadrive2/MOSE_release/train/JPEGImages/b4891f7f,65,1280,720,/datadrive2/MOSE_release/train/Annotations/b4891f7f,b4891f7f,0,64,/datadrive2/MOSE_release/train/Boxes/b4891f7f
,/datadrive2/MOSE_release/train/JPEGImages/b4ae36cc,44,1920,975,/datadrive2/MOSE_release/train/Annotations/b4ae36cc,b4ae36cc,0,43,/datadrive2/MOSE_release/train/Boxes/b4ae36cc
,/datadrive2/MOSE_release/train/JPEGImages/b4f876fb,78,1920,975,/datadrive2/MOSE_release/train/Annotations/b4f876fb,b4f876fb,0,77,/datadrive2/MOSE_release/train/Boxes/b4f876fb
,/datadrive2/MOSE_release/train/JPEGImages/b5276b3f,67,428,294,/datadrive2/MOSE_release/train/Annotations/b5276b3f,b5276b3f,0,66,/datadrive2/MOSE_release/train/Boxes/b5276b3f
,/datadrive2/MOSE_release/train/JPEGImages/b563b04f,225,1920,1088,/datadrive2/MOSE_release/train/Annotations/b563b04f,b563b04f,0,224,/datadrive2/MOSE_release/train/Boxes/b563b04f
,/datadrive2/MOSE_release/train/JPEGImages/b56be4b1,90,428,294,/datadrive2/MOSE_release/train/Annotations/b56be4b1,b56be4b1,0,89,/datadrive2/MOSE_release/train/Boxes/b56be4b1
,/datadrive2/MOSE_release/train/JPEGImages/b604f2dd,113,1280,720,/datadrive2/MOSE_release/train/Annotations/b604f2dd,b604f2dd,0,112,/datadrive2/MOSE_release/train/Boxes/b604f2dd
,/datadrive2/MOSE_release/train/JPEGImages/b60ea255,341,1920,1080,/datadrive2/MOSE_release/train/Annotations/b60ea255,b60ea255,0,340,/datadrive2/MOSE_release/train/Boxes/b60ea255
,/datadrive2/MOSE_release/train/JPEGImages/b6148745,4,384,360,/datadrive2/MOSE_release/train/Annotations/b6148745,b6148745,0,3,/datadrive2/MOSE_release/train/Boxes/b6148745
,/datadrive2/MOSE_release/train/JPEGImages/b624a46e,23,1920,945,/datadrive2/MOSE_release/train/Annotations/b624a46e,b624a46e,0,22,/datadrive2/MOSE_release/train/Boxes/b624a46e
,/datadrive2/MOSE_release/train/JPEGImages/b6520a94,188,1920,945,/datadrive2/MOSE_release/train/Annotations/b6520a94,b6520a94,0,187,/datadrive2/MOSE_release/train/Boxes/b6520a94
,/datadrive2/MOSE_release/train/JPEGImages/b6cadd11,42,1920,1080,/datadrive2/MOSE_release/train/Annotations/b6cadd11,b6cadd11,0,41,/datadrive2/MOSE_release/train/Boxes/b6cadd11
,/datadrive2/MOSE_release/train/JPEGImages/b6e2c041,48,1280,720,/datadrive2/MOSE_release/train/Annotations/b6e2c041,b6e2c041,0,47,/datadrive2/MOSE_release/train/Boxes/b6e2c041
,/datadrive2/MOSE_release/train/JPEGImages/b6f03bd9,50,792,720,/datadrive2/MOSE_release/train/Annotations/b6f03bd9,b6f03bd9,0,49,/datadrive2/MOSE_release/train/Boxes/b6f03bd9
,/datadrive2/MOSE_release/train/JPEGImages/b72beb78,15,1920,944,/datadrive2/MOSE_release/train/Annotations/b72beb78,b72beb78,0,14,/datadrive2/MOSE_release/train/Boxes/b72beb78
,/datadrive2/MOSE_release/train/JPEGImages/b7fb59c9,50,1280,720,/datadrive2/MOSE_release/train/Annotations/b7fb59c9,b7fb59c9,0,49,/datadrive2/MOSE_release/train/Boxes/b7fb59c9
,/datadrive2/MOSE_release/train/JPEGImages/b80e028c,9,1280,720,/datadrive2/MOSE_release/train/Annotations/b80e028c,b80e028c,0,8,/datadrive2/MOSE_release/train/Boxes/b80e028c
,/datadrive2/MOSE_release/train/JPEGImages/b8146d00,18,1920,1080,/datadrive2/MOSE_release/train/Annotations/b8146d00,b8146d00,0,17,/datadrive2/MOSE_release/train/Boxes/b8146d00
,/datadrive2/MOSE_release/train/JPEGImages/b826d642,90,720,720,/datadrive2/MOSE_release/train/Annotations/b826d642,b826d642,0,89,/datadrive2/MOSE_release/train/Boxes/b826d642
,/datadrive2/MOSE_release/train/JPEGImages/b83024e2,52,2340,1080,/datadrive2/MOSE_release/train/Annotations/b83024e2,b83024e2,0,51,/datadrive2/MOSE_release/train/Boxes/b83024e2
,/datadrive2/MOSE_release/train/JPEGImages/b84ce852,81,1560,720,/datadrive2/MOSE_release/train/Annotations/b84ce852,b84ce852,0,80,/datadrive2/MOSE_release/train/Boxes/b84ce852
,/datadrive2/MOSE_release/train/JPEGImages/b8651773,39,1920,1080,/datadrive2/MOSE_release/train/Annotations/b8651773,b8651773,0,38,/datadrive2/MOSE_release/train/Boxes/b8651773
,/datadrive2/MOSE_release/train/JPEGImages/b87a4f6c,17,2336,1080,/datadrive2/MOSE_release/train/Annotations/b87a4f6c,b87a4f6c,0,16,/datadrive2/MOSE_release/train/Boxes/b87a4f6c
,/datadrive2/MOSE_release/train/JPEGImages/b898c99e,60,1920,1080,/datadrive2/MOSE_release/train/Annotations/b898c99e,b898c99e,0,59,/datadrive2/MOSE_release/train/Boxes/b898c99e
,/datadrive2/MOSE_release/train/JPEGImages/b8e1ec26,10,1920,1080,/datadrive2/MOSE_release/train/Annotations/b8e1ec26,b8e1ec26,0,9,/datadrive2/MOSE_release/train/Boxes/b8e1ec26
,/datadrive2/MOSE_release/train/JPEGImages/b926e1ad,42,640,288,/datadrive2/MOSE_release/train/Annotations/b926e1ad,b926e1ad,0,41,/datadrive2/MOSE_release/train/Boxes/b926e1ad
,/datadrive2/MOSE_release/train/JPEGImages/b942ce0a,46,960,479,/datadrive2/MOSE_release/train/Annotations/b942ce0a,b942ce0a,0,45,/datadrive2/MOSE_release/train/Boxes/b942ce0a
,/datadrive2/MOSE_release/train/JPEGImages/b97d4f1a,39,3840,2160,/datadrive2/MOSE_release/train/Annotations/b97d4f1a,b97d4f1a,0,38,/datadrive2/MOSE_release/train/Boxes/b97d4f1a
,/datadrive2/MOSE_release/train/JPEGImages/b99d1bd6,26,1920,1080,/datadrive2/MOSE_release/train/Annotations/b99d1bd6,b99d1bd6,0,25,/datadrive2/MOSE_release/train/Boxes/b99d1bd6
,/datadrive2/MOSE_release/train/JPEGImages/b9ed5b44,35,1280,598,/datadrive2/MOSE_release/train/Annotations/b9ed5b44,b9ed5b44,0,34,/datadrive2/MOSE_release/train/Boxes/b9ed5b44
,/datadrive2/MOSE_release/train/JPEGImages/ba0e4dd4,73,1018,576,/datadrive2/MOSE_release/train/Annotations/ba0e4dd4,ba0e4dd4,0,72,/datadrive2/MOSE_release/train/Boxes/ba0e4dd4
,/datadrive2/MOSE_release/train/JPEGImages/ba28d02e,21,360,288,/datadrive2/MOSE_release/train/Annotations/ba28d02e,ba28d02e,0,20,/datadrive2/MOSE_release/train/Boxes/ba28d02e
,/datadrive2/MOSE_release/train/JPEGImages/ba4b3b09,48,1280,720,/datadrive2/MOSE_release/train/Annotations/ba4b3b09,ba4b3b09,0,47,/datadrive2/MOSE_release/train/Boxes/ba4b3b09
,/datadrive2/MOSE_release/train/JPEGImages/ba538072,35,1920,1080,/datadrive2/MOSE_release/train/Annotations/ba538072,ba538072,0,34,/datadrive2/MOSE_release/train/Boxes/ba538072
,/datadrive2/MOSE_release/train/JPEGImages/ba61a719,22,1920,945,/datadrive2/MOSE_release/train/Annotations/ba61a719,ba61a719,0,21,/datadrive2/MOSE_release/train/Boxes/ba61a719
,/datadrive2/MOSE_release/train/JPEGImages/ba9ea03d,183,1920,1080,/datadrive2/MOSE_release/train/Annotations/ba9ea03d,ba9ea03d,0,182,/datadrive2/MOSE_release/train/Boxes/ba9ea03d
,/datadrive2/MOSE_release/train/JPEGImages/bb467ff9,30,1920,898,/datadrive2/MOSE_release/train/Annotations/bb467ff9,bb467ff9,0,29,/datadrive2/MOSE_release/train/Boxes/bb467ff9
,/datadrive2/MOSE_release/train/JPEGImages/bb7ee856,53,1920,994,/datadrive2/MOSE_release/train/Annotations/bb7ee856,bb7ee856,0,52,/datadrive2/MOSE_release/train/Boxes/bb7ee856
,/datadrive2/MOSE_release/train/JPEGImages/bb8639e1,70,1280,630,/datadrive2/MOSE_release/train/Annotations/bb8639e1,bb8639e1,0,69,/datadrive2/MOSE_release/train/Boxes/bb8639e1
,/datadrive2/MOSE_release/train/JPEGImages/bb936ead,13,640,314,/datadrive2/MOSE_release/train/Annotations/bb936ead,bb936ead,0,12,/datadrive2/MOSE_release/train/Boxes/bb936ead
,/datadrive2/MOSE_release/train/JPEGImages/bbc485d6,16,550,313,/datadrive2/MOSE_release/train/Annotations/bbc485d6,bbc485d6,0,15,/datadrive2/MOSE_release/train/Boxes/bbc485d6
,/datadrive2/MOSE_release/train/JPEGImages/bbdd8bb7,36,2160,1080,/datadrive2/MOSE_release/train/Annotations/bbdd8bb7,bbdd8bb7,0,35,/datadrive2/MOSE_release/train/Boxes/bbdd8bb7
,/datadrive2/MOSE_release/train/JPEGImages/bbe585b2,46,960,544,/datadrive2/MOSE_release/train/Annotations/bbe585b2,bbe585b2,0,45,/datadrive2/MOSE_release/train/Boxes/bbe585b2
,/datadrive2/MOSE_release/train/JPEGImages/bbe97d18,180,1440,1069,/datadrive2/MOSE_release/train/Annotations/bbe97d18,bbe97d18,0,179,/datadrive2/MOSE_release/train/Boxes/bbe97d18
,/datadrive2/MOSE_release/train/JPEGImages/bc4e7b11,9,1645,1080,/datadrive2/MOSE_release/train/Annotations/bc4e7b11,bc4e7b11,0,8,/datadrive2/MOSE_release/train/Boxes/bc4e7b11
,/datadrive2/MOSE_release/train/JPEGImages/bc74c8a2,7,1920,994,/datadrive2/MOSE_release/train/Annotations/bc74c8a2,bc74c8a2,0,6,/datadrive2/MOSE_release/train/Boxes/bc74c8a2
,/datadrive2/MOSE_release/train/JPEGImages/bc844942,50,536,330,/datadrive2/MOSE_release/train/Annotations/bc844942,bc844942,0,49,/datadrive2/MOSE_release/train/Boxes/bc844942
,/datadrive2/MOSE_release/train/JPEGImages/bcb6e338,42,1920,1080,/datadrive2/MOSE_release/train/Annotations/bcb6e338,bcb6e338,0,41,/datadrive2/MOSE_release/train/Boxes/bcb6e338
,/datadrive2/MOSE_release/train/JPEGImages/bcd972ac,3,1280,720,/datadrive2/MOSE_release/train/Annotations/bcd972ac,bcd972ac,0,2,/datadrive2/MOSE_release/train/Boxes/bcd972ac
,/datadrive2/MOSE_release/train/JPEGImages/bcebc660,80,1280,720,/datadrive2/MOSE_release/train/Annotations/bcebc660,bcebc660,0,79,/datadrive2/MOSE_release/train/Boxes/bcebc660
,/datadrive2/MOSE_release/train/JPEGImages/bcefdcc4,18,640,296,/datadrive2/MOSE_release/train/Annotations/bcefdcc4,bcefdcc4,0,17,/datadrive2/MOSE_release/train/Boxes/bcefdcc4
,/datadrive2/MOSE_release/train/JPEGImages/bd18bc5a,30,576,1024,/datadrive2/MOSE_release/train/Annotations/bd18bc5a,bd18bc5a,0,29,/datadrive2/MOSE_release/train/Boxes/bd18bc5a
,/datadrive2/MOSE_release/train/JPEGImages/bd731802,99,1920,1080,/datadrive2/MOSE_release/train/Annotations/bd731802,bd731802,0,98,/datadrive2/MOSE_release/train/Boxes/bd731802
,/datadrive2/MOSE_release/train/JPEGImages/bda5c60d,54,1104,544,/datadrive2/MOSE_release/train/Annotations/bda5c60d,bda5c60d,0,53,/datadrive2/MOSE_release/train/Boxes/bda5c60d
,/datadrive2/MOSE_release/train/JPEGImages/bdc5ccf7,65,1920,1080,/datadrive2/MOSE_release/train/Annotations/bdc5ccf7,bdc5ccf7,0,64,/datadrive2/MOSE_release/train/Boxes/bdc5ccf7
,/datadrive2/MOSE_release/train/JPEGImages/bdd5e6b3,55,1920,1080,/datadrive2/MOSE_release/train/Annotations/bdd5e6b3,bdd5e6b3,0,54,/datadrive2/MOSE_release/train/Boxes/bdd5e6b3
,/datadrive2/MOSE_release/train/JPEGImages/bdf9eb5a,18,2160,3840,/datadrive2/MOSE_release/train/Annotations/bdf9eb5a,bdf9eb5a,0,17,/datadrive2/MOSE_release/train/Boxes/bdf9eb5a
,/datadrive2/MOSE_release/train/JPEGImages/bea1c144,68,1920,1080,/datadrive2/MOSE_release/train/Annotations/bea1c144,bea1c144,0,67,/datadrive2/MOSE_release/train/Boxes/bea1c144
,/datadrive2/MOSE_release/train/JPEGImages/beb693c9,65,1280,720,/datadrive2/MOSE_release/train/Annotations/beb693c9,beb693c9,0,64,/datadrive2/MOSE_release/train/Boxes/beb693c9
,/datadrive2/MOSE_release/train/JPEGImages/bec5c89d,21,1920,1080,/datadrive2/MOSE_release/train/Annotations/bec5c89d,bec5c89d,0,20,/datadrive2/MOSE_release/train/Boxes/bec5c89d
,/datadrive2/MOSE_release/train/JPEGImages/bf04814f,61,1080,717,/datadrive2/MOSE_release/train/Annotations/bf04814f,bf04814f,0,60,/datadrive2/MOSE_release/train/Boxes/bf04814f
,/datadrive2/MOSE_release/train/JPEGImages/bfa42a75,35,1920,944,/datadrive2/MOSE_release/train/Annotations/bfa42a75,bfa42a75,0,34,/datadrive2/MOSE_release/train/Boxes/bfa42a75
,/datadrive2/MOSE_release/train/JPEGImages/bfd28682,66,1088,879,/datadrive2/MOSE_release/train/Annotations/bfd28682,bfd28682,0,65,/datadrive2/MOSE_release/train/Boxes/bfd28682
,/datadrive2/MOSE_release/train/JPEGImages/bfe1469e,88,1080,1920,/datadrive2/MOSE_release/train/Annotations/bfe1469e,bfe1469e,0,87,/datadrive2/MOSE_release/train/Boxes/bfe1469e
,/datadrive2/MOSE_release/train/JPEGImages/c047a092,128,1920,1080,/datadrive2/MOSE_release/train/Annotations/c047a092,c047a092,0,127,/datadrive2/MOSE_release/train/Boxes/c047a092
,/datadrive2/MOSE_release/train/JPEGImages/c060b1e6,88,1920,1080,/datadrive2/MOSE_release/train/Annotations/c060b1e6,c060b1e6,0,87,/datadrive2/MOSE_release/train/Boxes/c060b1e6
,/datadrive2/MOSE_release/train/JPEGImages/c062f4d7,190,1239,1080,/datadrive2/MOSE_release/train/Annotations/c062f4d7,c062f4d7,0,189,/datadrive2/MOSE_release/train/Boxes/c062f4d7
,/datadrive2/MOSE_release/train/JPEGImages/c0734cb3,45,1920,1080,/datadrive2/MOSE_release/train/Annotations/c0734cb3,c0734cb3,0,44,/datadrive2/MOSE_release/train/Boxes/c0734cb3
,/datadrive2/MOSE_release/train/JPEGImages/c07ab37e,29,550,360,/datadrive2/MOSE_release/train/Annotations/c07ab37e,c07ab37e,0,28,/datadrive2/MOSE_release/train/Boxes/c07ab37e
,/datadrive2/MOSE_release/train/JPEGImages/c097af8e,240,1920,1088,/datadrive2/MOSE_release/train/Annotations/c097af8e,c097af8e,0,239,/datadrive2/MOSE_release/train/Boxes/c097af8e
,/datadrive2/MOSE_release/train/JPEGImages/c09da3b2,13,720,1280,/datadrive2/MOSE_release/train/Annotations/c09da3b2,c09da3b2,0,12,/datadrive2/MOSE_release/train/Boxes/c09da3b2
,/datadrive2/MOSE_release/train/JPEGImages/c0fe8e1a,30,1280,720,/datadrive2/MOSE_release/train/Annotations/c0fe8e1a,c0fe8e1a,0,29,/datadrive2/MOSE_release/train/Boxes/c0fe8e1a
,/datadrive2/MOSE_release/train/JPEGImages/c1489591,54,640,288,/datadrive2/MOSE_release/train/Annotations/c1489591,c1489591,0,53,/datadrive2/MOSE_release/train/Boxes/c1489591
,/datadrive2/MOSE_release/train/JPEGImages/c1a40349,71,1920,1080,/datadrive2/MOSE_release/train/Annotations/c1a40349,c1a40349,0,70,/datadrive2/MOSE_release/train/Boxes/c1a40349
,/datadrive2/MOSE_release/train/JPEGImages/c1d57fea,12,1920,944,/datadrive2/MOSE_release/train/Annotations/c1d57fea,c1d57fea,0,11,/datadrive2/MOSE_release/train/Boxes/c1d57fea
,/datadrive2/MOSE_release/train/JPEGImages/c1ec4b26,80,1920,1080,/datadrive2/MOSE_release/train/Annotations/c1ec4b26,c1ec4b26,0,79,/datadrive2/MOSE_release/train/Boxes/c1ec4b26
,/datadrive2/MOSE_release/train/JPEGImages/c1ed21d0,89,1280,720,/datadrive2/MOSE_release/train/Annotations/c1ed21d0,c1ed21d0,0,88,/datadrive2/MOSE_release/train/Boxes/c1ed21d0
,/datadrive2/MOSE_release/train/JPEGImages/c205a718,10,1280,720,/datadrive2/MOSE_release/train/Annotations/c205a718,c205a718,0,9,/datadrive2/MOSE_release/train/Boxes/c205a718
,/datadrive2/MOSE_release/train/JPEGImages/c245ecda,50,2340,1080,/datadrive2/MOSE_release/train/Annotations/c245ecda,c245ecda,0,49,/datadrive2/MOSE_release/train/Boxes/c245ecda
,/datadrive2/MOSE_release/train/JPEGImages/c28d81a9,30,1280,720,/datadrive2/MOSE_release/train/Annotations/c28d81a9,c28d81a9,0,29,/datadrive2/MOSE_release/train/Boxes/c28d81a9
,/datadrive2/MOSE_release/train/JPEGImages/c290cfd3,100,1280,720,/datadrive2/MOSE_release/train/Annotations/c290cfd3,c290cfd3,0,99,/datadrive2/MOSE_release/train/Boxes/c290cfd3
,/datadrive2/MOSE_release/train/JPEGImages/c2a0c0fd,51,636,480,/datadrive2/MOSE_release/train/Annotations/c2a0c0fd,c2a0c0fd,0,50,/datadrive2/MOSE_release/train/Boxes/c2a0c0fd
,/datadrive2/MOSE_release/train/JPEGImages/c2e88575,500,1536,1080,/datadrive2/MOSE_release/train/Annotations/c2e88575,c2e88575,0,499,/datadrive2/MOSE_release/train/Boxes/c2e88575
,/datadrive2/MOSE_release/train/JPEGImages/c30641cf,46,2400,1080,/datadrive2/MOSE_release/train/Annotations/c30641cf,c30641cf,0,45,/datadrive2/MOSE_release/train/Boxes/c30641cf
,/datadrive2/MOSE_release/train/JPEGImages/c33adbc2,109,960,544,/datadrive2/MOSE_release/train/Annotations/c33adbc2,c33adbc2,0,108,/datadrive2/MOSE_release/train/Boxes/c33adbc2
,/datadrive2/MOSE_release/train/JPEGImages/c3b350b9,24,1920,1080,/datadrive2/MOSE_release/train/Annotations/c3b350b9,c3b350b9,0,23,/datadrive2/MOSE_release/train/Boxes/c3b350b9
,/datadrive2/MOSE_release/train/JPEGImages/c3c21268,101,1910,945,/datadrive2/MOSE_release/train/Annotations/c3c21268,c3c21268,0,100,/datadrive2/MOSE_release/train/Boxes/c3c21268
,/datadrive2/MOSE_release/train/JPEGImages/c409ca4d,40,578,576,/datadrive2/MOSE_release/train/Annotations/c409ca4d,c409ca4d,0,39,/datadrive2/MOSE_release/train/Boxes/c409ca4d
,/datadrive2/MOSE_release/train/JPEGImages/c461003e,58,1280,630,/datadrive2/MOSE_release/train/Annotations/c461003e,c461003e,0,57,/datadrive2/MOSE_release/train/Boxes/c461003e
,/datadrive2/MOSE_release/train/JPEGImages/c463c7e5,27,1920,994,/datadrive2/MOSE_release/train/Annotations/c463c7e5,c463c7e5,0,26,/datadrive2/MOSE_release/train/Boxes/c463c7e5
,/datadrive2/MOSE_release/train/JPEGImages/c4957274,13,1920,1080,/datadrive2/MOSE_release/train/Annotations/c4957274,c4957274,0,12,/datadrive2/MOSE_release/train/Boxes/c4957274
,/datadrive2/MOSE_release/train/JPEGImages/c4a0ecfb,62,1280,720,/datadrive2/MOSE_release/train/Annotations/c4a0ecfb,c4a0ecfb,0,61,/datadrive2/MOSE_release/train/Boxes/c4a0ecfb
,/datadrive2/MOSE_release/train/JPEGImages/c4aa176c,210,1920,1080,/datadrive2/MOSE_release/train/Annotations/c4aa176c,c4aa176c,0,209,/datadrive2/MOSE_release/train/Boxes/c4aa176c
,/datadrive2/MOSE_release/train/JPEGImages/c4c7bc5d,30,550,360,/datadrive2/MOSE_release/train/Annotations/c4c7bc5d,c4c7bc5d,0,29,/datadrive2/MOSE_release/train/Boxes/c4c7bc5d
,/datadrive2/MOSE_release/train/JPEGImages/c4e72142,6,1920,1080,/datadrive2/MOSE_release/train/Annotations/c4e72142,c4e72142,0,5,/datadrive2/MOSE_release/train/Boxes/c4e72142
,/datadrive2/MOSE_release/train/JPEGImages/c4f4b2e2,189,1920,994,/datadrive2/MOSE_release/train/Annotations/c4f4b2e2,c4f4b2e2,0,188,/datadrive2/MOSE_release/train/Boxes/c4f4b2e2
,/datadrive2/MOSE_release/train/JPEGImages/c4f9f19e,70,1766,945,/datadrive2/MOSE_release/train/Annotations/c4f9f19e,c4f9f19e,0,69,/datadrive2/MOSE_release/train/Boxes/c4f9f19e
,/datadrive2/MOSE_release/train/JPEGImages/c4fa0bab,37,1920,1080,/datadrive2/MOSE_release/train/Annotations/c4fa0bab,c4fa0bab,0,36,/datadrive2/MOSE_release/train/Boxes/c4fa0bab
,/datadrive2/MOSE_release/train/JPEGImages/c5082b3c,55,1104,544,/datadrive2/MOSE_release/train/Annotations/c5082b3c,c5082b3c,0,54,/datadrive2/MOSE_release/train/Boxes/c5082b3c
,/datadrive2/MOSE_release/train/JPEGImages/c5398714,36,480,848,/datadrive2/MOSE_release/train/Annotations/c5398714,c5398714,0,35,/datadrive2/MOSE_release/train/Boxes/c5398714
,/datadrive2/MOSE_release/train/JPEGImages/c575434d,30,1050,630,/datadrive2/MOSE_release/train/Annotations/c575434d,c575434d,0,29,/datadrive2/MOSE_release/train/Boxes/c575434d
,/datadrive2/MOSE_release/train/JPEGImages/c65d0736,64,1920,1080,/datadrive2/MOSE_release/train/Annotations/c65d0736,c65d0736,0,63,/datadrive2/MOSE_release/train/Boxes/c65d0736
,/datadrive2/MOSE_release/train/JPEGImages/c6726eb8,67,1920,1080,/datadrive2/MOSE_release/train/Annotations/c6726eb8,c6726eb8,0,66,/datadrive2/MOSE_release/train/Boxes/c6726eb8
,/datadrive2/MOSE_release/train/JPEGImages/c690220c,52,1920,1080,/datadrive2/MOSE_release/train/Annotations/c690220c,c690220c,0,51,/datadrive2/MOSE_release/train/Boxes/c690220c
,/datadrive2/MOSE_release/train/JPEGImages/c6ad7aaf,243,1920,1080,/datadrive2/MOSE_release/train/Annotations/c6ad7aaf,c6ad7aaf,0,242,/datadrive2/MOSE_release/train/Boxes/c6ad7aaf
,/datadrive2/MOSE_release/train/JPEGImages/c6d7f94b,66,1280,620,/datadrive2/MOSE_release/train/Annotations/c6d7f94b,c6d7f94b,0,65,/datadrive2/MOSE_release/train/Boxes/c6d7f94b
,/datadrive2/MOSE_release/train/JPEGImages/c791ddbb,51,847,720,/datadrive2/MOSE_release/train/Annotations/c791ddbb,c791ddbb,0,50,/datadrive2/MOSE_release/train/Boxes/c791ddbb
,/datadrive2/MOSE_release/train/JPEGImages/c7c7528c,17,384,360,/datadrive2/MOSE_release/train/Annotations/c7c7528c,c7c7528c,0,16,/datadrive2/MOSE_release/train/Boxes/c7c7528c
,/datadrive2/MOSE_release/train/JPEGImages/c7e745ed,43,1920,1080,/datadrive2/MOSE_release/train/Annotations/c7e745ed,c7e745ed,0,42,/datadrive2/MOSE_release/train/Boxes/c7e745ed
,/datadrive2/MOSE_release/train/JPEGImages/c7fe0584,352,1536,1080,/datadrive2/MOSE_release/train/Annotations/c7fe0584,c7fe0584,0,351,/datadrive2/MOSE_release/train/Boxes/c7fe0584
,/datadrive2/MOSE_release/train/JPEGImages/c818d30a,33,912,444,/datadrive2/MOSE_release/train/Annotations/c818d30a,c818d30a,0,32,/datadrive2/MOSE_release/train/Boxes/c818d30a
,/datadrive2/MOSE_release/train/JPEGImages/c8264720,5,960,544,/datadrive2/MOSE_release/train/Annotations/c8264720,c8264720,0,4,/datadrive2/MOSE_release/train/Boxes/c8264720
,/datadrive2/MOSE_release/train/JPEGImages/c83aa6a1,60,1920,1004,/datadrive2/MOSE_release/train/Annotations/c83aa6a1,c83aa6a1,0,59,/datadrive2/MOSE_release/train/Boxes/c83aa6a1
,/datadrive2/MOSE_release/train/JPEGImages/c8c1d5a9,35,1280,720,/datadrive2/MOSE_release/train/Annotations/c8c1d5a9,c8c1d5a9,0,34,/datadrive2/MOSE_release/train/Boxes/c8c1d5a9
,/datadrive2/MOSE_release/train/JPEGImages/c8ef075a,6,1920,1080,/datadrive2/MOSE_release/train/Annotations/c8ef075a,c8ef075a,0,5,/datadrive2/MOSE_release/train/Boxes/c8ef075a
,/datadrive2/MOSE_release/train/JPEGImages/c8f0fd41,22,1080,1920,/datadrive2/MOSE_release/train/Annotations/c8f0fd41,c8f0fd41,0,21,/datadrive2/MOSE_release/train/Boxes/c8f0fd41
,/datadrive2/MOSE_release/train/JPEGImages/c9012bf6,70,1920,1080,/datadrive2/MOSE_release/train/Annotations/c9012bf6,c9012bf6,0,69,/datadrive2/MOSE_release/train/Boxes/c9012bf6
,/datadrive2/MOSE_release/train/JPEGImages/c9080ed1,35,1920,929,/datadrive2/MOSE_release/train/Annotations/c9080ed1,c9080ed1,0,34,/datadrive2/MOSE_release/train/Boxes/c9080ed1
,/datadrive2/MOSE_release/train/JPEGImages/c9351029,82,1920,1080,/datadrive2/MOSE_release/train/Annotations/c9351029,c9351029,0,81,/datadrive2/MOSE_release/train/Boxes/c9351029
,/datadrive2/MOSE_release/train/JPEGImages/c96adcbc,27,2340,1080,/datadrive2/MOSE_release/train/Annotations/c96adcbc,c96adcbc,0,26,/datadrive2/MOSE_release/train/Boxes/c96adcbc
,/datadrive2/MOSE_release/train/JPEGImages/c99637f0,59,1920,1080,/datadrive2/MOSE_release/train/Annotations/c99637f0,c99637f0,0,58,/datadrive2/MOSE_release/train/Boxes/c99637f0
,/datadrive2/MOSE_release/train/JPEGImages/c9b27125,41,828,471,/datadrive2/MOSE_release/train/Annotations/c9b27125,c9b27125,0,40,/datadrive2/MOSE_release/train/Boxes/c9b27125
,/datadrive2/MOSE_release/train/JPEGImages/c9f1d87f,315,1536,1080,/datadrive2/MOSE_release/train/Annotations/c9f1d87f,c9f1d87f,0,314,/datadrive2/MOSE_release/train/Boxes/c9f1d87f
,/datadrive2/MOSE_release/train/JPEGImages/c9f7f69d,115,2340,1080,/datadrive2/MOSE_release/train/Annotations/c9f7f69d,c9f7f69d,0,114,/datadrive2/MOSE_release/train/Boxes/c9f7f69d
,/datadrive2/MOSE_release/train/JPEGImages/c9fdf703,47,1920,1080,/datadrive2/MOSE_release/train/Annotations/c9fdf703,c9fdf703,0,46,/datadrive2/MOSE_release/train/Boxes/c9fdf703
,/datadrive2/MOSE_release/train/JPEGImages/ca619b7f,30,1920,1080,/datadrive2/MOSE_release/train/Annotations/ca619b7f,ca619b7f,0,29,/datadrive2/MOSE_release/train/Boxes/ca619b7f
,/datadrive2/MOSE_release/train/JPEGImages/ca74a924,66,1920,1080,/datadrive2/MOSE_release/train/Annotations/ca74a924,ca74a924,0,65,/datadrive2/MOSE_release/train/Boxes/ca74a924
,/datadrive2/MOSE_release/train/JPEGImages/cac39070,30,1920,1080,/datadrive2/MOSE_release/train/Annotations/cac39070,cac39070,0,29,/datadrive2/MOSE_release/train/Boxes/cac39070
,/datadrive2/MOSE_release/train/JPEGImages/cb170015,36,960,544,/datadrive2/MOSE_release/train/Annotations/cb170015,cb170015,0,35,/datadrive2/MOSE_release/train/Boxes/cb170015
,/datadrive2/MOSE_release/train/JPEGImages/cb43141c,76,2340,1080,/datadrive2/MOSE_release/train/Annotations/cb43141c,cb43141c,0,75,/datadrive2/MOSE_release/train/Boxes/cb43141c
,/datadrive2/MOSE_release/train/JPEGImages/cb8eedf4,32,960,544,/datadrive2/MOSE_release/train/Annotations/cb8eedf4,cb8eedf4,0,31,/datadrive2/MOSE_release/train/Boxes/cb8eedf4
,/datadrive2/MOSE_release/train/JPEGImages/cbb66185,67,1280,720,/datadrive2/MOSE_release/train/Annotations/cbb66185,cbb66185,0,66,/datadrive2/MOSE_release/train/Boxes/cbb66185
,/datadrive2/MOSE_release/train/JPEGImages/cbd144f5,18,1888,1080,/datadrive2/MOSE_release/train/Annotations/cbd144f5,cbd144f5,0,17,/datadrive2/MOSE_release/train/Boxes/cbd144f5
,/datadrive2/MOSE_release/train/JPEGImages/cbdbc6c3,83,1280,720,/datadrive2/MOSE_release/train/Annotations/cbdbc6c3,cbdbc6c3,0,82,/datadrive2/MOSE_release/train/Boxes/cbdbc6c3
,/datadrive2/MOSE_release/train/JPEGImages/cbe75cae,5,384,360,/datadrive2/MOSE_release/train/Annotations/cbe75cae,cbe75cae,0,4,/datadrive2/MOSE_release/train/Boxes/cbe75cae
,/datadrive2/MOSE_release/train/JPEGImages/cc32235b,63,1920,945,/datadrive2/MOSE_release/train/Annotations/cc32235b,cc32235b,0,62,/datadrive2/MOSE_release/train/Boxes/cc32235b
,/datadrive2/MOSE_release/train/JPEGImages/cc41ba05,105,1920,1080,/datadrive2/MOSE_release/train/Annotations/cc41ba05,cc41ba05,0,104,/datadrive2/MOSE_release/train/Boxes/cc41ba05
,/datadrive2/MOSE_release/train/JPEGImages/cc45a7f2,60,966,622,/datadrive2/MOSE_release/train/Annotations/cc45a7f2,cc45a7f2,0,59,/datadrive2/MOSE_release/train/Boxes/cc45a7f2
,/datadrive2/MOSE_release/train/JPEGImages/cc5d0dd1,33,922,720,/datadrive2/MOSE_release/train/Annotations/cc5d0dd1,cc5d0dd1,0,32,/datadrive2/MOSE_release/train/Boxes/cc5d0dd1
,/datadrive2/MOSE_release/train/JPEGImages/ccf14ee0,102,1280,720,/datadrive2/MOSE_release/train/Annotations/ccf14ee0,ccf14ee0,0,101,/datadrive2/MOSE_release/train/Boxes/ccf14ee0
,/datadrive2/MOSE_release/train/JPEGImages/ccfae073,100,1104,622,/datadrive2/MOSE_release/train/Annotations/ccfae073,ccfae073,0,99,/datadrive2/MOSE_release/train/Boxes/ccfae073
,/datadrive2/MOSE_release/train/JPEGImages/cd182615,32,1284,720,/datadrive2/MOSE_release/train/Annotations/cd182615,cd182615,0,31,/datadrive2/MOSE_release/train/Boxes/cd182615
,/datadrive2/MOSE_release/train/JPEGImages/cd49fb99,84,1912,1012,/datadrive2/MOSE_release/train/Annotations/cd49fb99,cd49fb99,0,83,/datadrive2/MOSE_release/train/Boxes/cd49fb99
,/datadrive2/MOSE_release/train/JPEGImages/cdad6812,11,1652,1080,/datadrive2/MOSE_release/train/Annotations/cdad6812,cdad6812,0,10,/datadrive2/MOSE_release/train/Boxes/cdad6812
,/datadrive2/MOSE_release/train/JPEGImages/ce1ea47c,3,1262,503,/datadrive2/MOSE_release/train/Annotations/ce1ea47c,ce1ea47c,0,2,/datadrive2/MOSE_release/train/Boxes/ce1ea47c
,/datadrive2/MOSE_release/train/JPEGImages/ce691ee6,114,852,480,/datadrive2/MOSE_release/train/Annotations/ce691ee6,ce691ee6,0,113,/datadrive2/MOSE_release/train/Boxes/ce691ee6
,/datadrive2/MOSE_release/train/JPEGImages/ce733e8a,65,2340,1080,/datadrive2/MOSE_release/train/Annotations/ce733e8a,ce733e8a,0,64,/datadrive2/MOSE_release/train/Boxes/ce733e8a
,/datadrive2/MOSE_release/train/JPEGImages/ce954bd7,18,368,182,/datadrive2/MOSE_release/train/Annotations/ce954bd7,ce954bd7,0,17,/datadrive2/MOSE_release/train/Boxes/ce954bd7
,/datadrive2/MOSE_release/train/JPEGImages/ce9a2796,37,1920,928,/datadrive2/MOSE_release/train/Annotations/ce9a2796,ce9a2796,0,36,/datadrive2/MOSE_release/train/Boxes/ce9a2796
,/datadrive2/MOSE_release/train/JPEGImages/ceaa6c65,61,1280,720,/datadrive2/MOSE_release/train/Annotations/ceaa6c65,ceaa6c65,0,60,/datadrive2/MOSE_release/train/Boxes/ceaa6c65
,/datadrive2/MOSE_release/train/JPEGImages/ced51047,95,1080,1920,/datadrive2/MOSE_release/train/Annotations/ced51047,ced51047,0,94,/datadrive2/MOSE_release/train/Boxes/ced51047
,/datadrive2/MOSE_release/train/JPEGImages/cf01df5b,100,1280,720,/datadrive2/MOSE_release/train/Annotations/cf01df5b,cf01df5b,0,99,/datadrive2/MOSE_release/train/Boxes/cf01df5b
,/datadrive2/MOSE_release/train/JPEGImages/cf376cf1,30,1920,1080,/datadrive2/MOSE_release/train/Annotations/cf376cf1,cf376cf1,0,29,/datadrive2/MOSE_release/train/Boxes/cf376cf1
,/datadrive2/MOSE_release/train/JPEGImages/cfc68a82,82,720,1280,/datadrive2/MOSE_release/train/Annotations/cfc68a82,cfc68a82,0,81,/datadrive2/MOSE_release/train/Boxes/cfc68a82
,/datadrive2/MOSE_release/train/JPEGImages/cfd1de31,26,1280,620,/datadrive2/MOSE_release/train/Annotations/cfd1de31,cfd1de31,0,25,/datadrive2/MOSE_release/train/Boxes/cfd1de31
,/datadrive2/MOSE_release/train/JPEGImages/cfd946b2,169,1920,1080,/datadrive2/MOSE_release/train/Annotations/cfd946b2,cfd946b2,0,168,/datadrive2/MOSE_release/train/Boxes/cfd946b2
,/datadrive2/MOSE_release/train/JPEGImages/cfe7773a,34,1920,1080,/datadrive2/MOSE_release/train/Annotations/cfe7773a,cfe7773a,0,33,/datadrive2/MOSE_release/train/Boxes/cfe7773a
,/datadrive2/MOSE_release/train/JPEGImages/d0696759,150,1680,1080,/datadrive2/MOSE_release/train/Annotations/d0696759,d0696759,0,149,/datadrive2/MOSE_release/train/Boxes/d0696759
,/datadrive2/MOSE_release/train/JPEGImages/d0722d0f,132,1104,622,/datadrive2/MOSE_release/train/Annotations/d0722d0f,d0722d0f,0,131,/datadrive2/MOSE_release/train/Boxes/d0722d0f
,/datadrive2/MOSE_release/train/JPEGImages/d07ad1be,68,1280,720,/datadrive2/MOSE_release/train/Annotations/d07ad1be,d07ad1be,0,67,/datadrive2/MOSE_release/train/Boxes/d07ad1be
,/datadrive2/MOSE_release/train/JPEGImages/d0b507c3,97,1280,720,/datadrive2/MOSE_release/train/Annotations/d0b507c3,d0b507c3,0,96,/datadrive2/MOSE_release/train/Boxes/d0b507c3
,/datadrive2/MOSE_release/train/JPEGImages/d0d8b874,5,1918,764,/datadrive2/MOSE_release/train/Annotations/d0d8b874,d0d8b874,0,4,/datadrive2/MOSE_release/train/Boxes/d0d8b874
,/datadrive2/MOSE_release/train/JPEGImages/d156b96f,45,1912,944,/datadrive2/MOSE_release/train/Annotations/d156b96f,d156b96f,0,44,/datadrive2/MOSE_release/train/Boxes/d156b96f
,/datadrive2/MOSE_release/train/JPEGImages/d18554ae,81,1920,945,/datadrive2/MOSE_release/train/Annotations/d18554ae,d18554ae,0,80,/datadrive2/MOSE_release/train/Boxes/d18554ae
,/datadrive2/MOSE_release/train/JPEGImages/d1d95c61,69,1280,720,/datadrive2/MOSE_release/train/Annotations/d1d95c61,d1d95c61,0,68,/datadrive2/MOSE_release/train/Boxes/d1d95c61
,/datadrive2/MOSE_release/train/JPEGImages/d1dba33b,64,1280,630,/datadrive2/MOSE_release/train/Annotations/d1dba33b,d1dba33b,0,63,/datadrive2/MOSE_release/train/Boxes/d1dba33b
,/datadrive2/MOSE_release/train/JPEGImages/d25ff89d,30,720,648,/datadrive2/MOSE_release/train/Annotations/d25ff89d,d25ff89d,0,29,/datadrive2/MOSE_release/train/Boxes/d25ff89d
,/datadrive2/MOSE_release/train/JPEGImages/d262b7e4,72,1920,1080,/datadrive2/MOSE_release/train/Annotations/d262b7e4,d262b7e4,0,71,/datadrive2/MOSE_release/train/Boxes/d262b7e4
,/datadrive2/MOSE_release/train/JPEGImages/d2878895,61,1280,720,/datadrive2/MOSE_release/train/Annotations/d2878895,d2878895,0,60,/datadrive2/MOSE_release/train/Boxes/d2878895
,/datadrive2/MOSE_release/train/JPEGImages/d29991b4,101,1920,1080,/datadrive2/MOSE_release/train/Annotations/d29991b4,d29991b4,0,100,/datadrive2/MOSE_release/train/Boxes/d29991b4
,/datadrive2/MOSE_release/train/JPEGImages/d29fa9d4,8,1920,1080,/datadrive2/MOSE_release/train/Annotations/d29fa9d4,d29fa9d4,0,7,/datadrive2/MOSE_release/train/Boxes/d29fa9d4
,/datadrive2/MOSE_release/train/JPEGImages/d2aa8c66,23,1709,820,/datadrive2/MOSE_release/train/Annotations/d2aa8c66,d2aa8c66,0,22,/datadrive2/MOSE_release/train/Boxes/d2aa8c66
,/datadrive2/MOSE_release/train/JPEGImages/d2abc61e,32,1280,720,/datadrive2/MOSE_release/train/Annotations/d2abc61e,d2abc61e,0,31,/datadrive2/MOSE_release/train/Boxes/d2abc61e
,/datadrive2/MOSE_release/train/JPEGImages/d2e75e95,78,1280,720,/datadrive2/MOSE_release/train/Annotations/d2e75e95,d2e75e95,0,77,/datadrive2/MOSE_release/train/Boxes/d2e75e95
,/datadrive2/MOSE_release/train/JPEGImages/d2efeb4b,32,1026,576,/datadrive2/MOSE_release/train/Annotations/d2efeb4b,d2efeb4b,0,31,/datadrive2/MOSE_release/train/Boxes/d2efeb4b
,/datadrive2/MOSE_release/train/JPEGImages/d2f4b9e2,43,1920,1080,/datadrive2/MOSE_release/train/Annotations/d2f4b9e2,d2f4b9e2,0,42,/datadrive2/MOSE_release/train/Boxes/d2f4b9e2
,/datadrive2/MOSE_release/train/JPEGImages/d321dde4,109,1088,1039,/datadrive2/MOSE_release/train/Annotations/d321dde4,d321dde4,0,108,/datadrive2/MOSE_release/train/Boxes/d321dde4
,/datadrive2/MOSE_release/train/JPEGImages/d36d5a0d,56,1920,1080,/datadrive2/MOSE_release/train/Annotations/d36d5a0d,d36d5a0d,0,55,/datadrive2/MOSE_release/train/Boxes/d36d5a0d
,/datadrive2/MOSE_release/train/JPEGImages/d37a5857,50,1920,945,/datadrive2/MOSE_release/train/Annotations/d37a5857,d37a5857,0,49,/datadrive2/MOSE_release/train/Boxes/d37a5857
,/datadrive2/MOSE_release/train/JPEGImages/d37e29a7,444,1280,720,/datadrive2/MOSE_release/train/Annotations/d37e29a7,d37e29a7,0,443,/datadrive2/MOSE_release/train/Boxes/d37e29a7
,/datadrive2/MOSE_release/train/JPEGImages/d3ab52cc,33,1920,1080,/datadrive2/MOSE_release/train/Annotations/d3ab52cc,d3ab52cc,0,32,/datadrive2/MOSE_release/train/Boxes/d3ab52cc
,/datadrive2/MOSE_release/train/JPEGImages/d3af3c85,199,1536,1080,/datadrive2/MOSE_release/train/Annotations/d3af3c85,d3af3c85,0,198,/datadrive2/MOSE_release/train/Boxes/d3af3c85
,/datadrive2/MOSE_release/train/JPEGImages/d3b10bc6,7,2124,1080,/datadrive2/MOSE_release/train/Annotations/d3b10bc6,d3b10bc6,0,6,/datadrive2/MOSE_release/train/Boxes/d3b10bc6
,/datadrive2/MOSE_release/train/JPEGImages/d3ea999d,28,1920,1080,/datadrive2/MOSE_release/train/Annotations/d3ea999d,d3ea999d,0,27,/datadrive2/MOSE_release/train/Boxes/d3ea999d
,/datadrive2/MOSE_release/train/JPEGImages/d3f3bf9d,17,1652,1080,/datadrive2/MOSE_release/train/Annotations/d3f3bf9d,d3f3bf9d,0,16,/datadrive2/MOSE_release/train/Boxes/d3f3bf9d
,/datadrive2/MOSE_release/train/JPEGImages/d46e771b,184,1239,1080,/datadrive2/MOSE_release/train/Annotations/d46e771b,d46e771b,0,183,/datadrive2/MOSE_release/train/Boxes/d46e771b
,/datadrive2/MOSE_release/train/JPEGImages/d48c552d,71,1080,1920,/datadrive2/MOSE_release/train/Annotations/d48c552d,d48c552d,0,70,/datadrive2/MOSE_release/train/Boxes/d48c552d
,/datadrive2/MOSE_release/train/JPEGImages/d61c4665,15,1920,886,/datadrive2/MOSE_release/train/Annotations/d61c4665,d61c4665,0,14,/datadrive2/MOSE_release/train/Boxes/d61c4665
,/datadrive2/MOSE_release/train/JPEGImages/d6395f2e,4,1920,1088,/datadrive2/MOSE_release/train/Annotations/d6395f2e,d6395f2e,0,3,/datadrive2/MOSE_release/train/Boxes/d6395f2e
,/datadrive2/MOSE_release/train/JPEGImages/d670ce7b,42,1920,1080,/datadrive2/MOSE_release/train/Annotations/d670ce7b,d670ce7b,0,41,/datadrive2/MOSE_release/train/Boxes/d670ce7b
,/datadrive2/MOSE_release/train/JPEGImages/d6d92b30,55,2336,1080,/datadrive2/MOSE_release/train/Annotations/d6d92b30,d6d92b30,0,54,/datadrive2/MOSE_release/train/Boxes/d6d92b30
,/datadrive2/MOSE_release/train/JPEGImages/d6f883c6,32,640,368,/datadrive2/MOSE_release/train/Annotations/d6f883c6,d6f883c6,0,31,/datadrive2/MOSE_release/train/Boxes/d6f883c6
,/datadrive2/MOSE_release/train/JPEGImages/d7058a0d,284,1536,1080,/datadrive2/MOSE_release/train/Annotations/d7058a0d,d7058a0d,0,283,/datadrive2/MOSE_release/train/Boxes/d7058a0d
,/datadrive2/MOSE_release/train/JPEGImages/d7066e20,29,1920,1080,/datadrive2/MOSE_release/train/Annotations/d7066e20,d7066e20,0,28,/datadrive2/MOSE_release/train/Boxes/d7066e20
,/datadrive2/MOSE_release/train/JPEGImages/d740223e,3,1920,1080,/datadrive2/MOSE_release/train/Annotations/d740223e,d740223e,0,2,/datadrive2/MOSE_release/train/Boxes/d740223e
,/datadrive2/MOSE_release/train/JPEGImages/d754fb65,30,578,576,/datadrive2/MOSE_release/train/Annotations/d754fb65,d754fb65,0,29,/datadrive2/MOSE_release/train/Boxes/d754fb65
,/datadrive2/MOSE_release/train/JPEGImages/d7807996,35,2340,1080,/datadrive2/MOSE_release/train/Annotations/d7807996,d7807996,0,34,/datadrive2/MOSE_release/train/Boxes/d7807996
,/datadrive2/MOSE_release/train/JPEGImages/d7969c29,50,1280,648,/datadrive2/MOSE_release/train/Annotations/d7969c29,d7969c29,0,49,/datadrive2/MOSE_release/train/Boxes/d7969c29
,/datadrive2/MOSE_release/train/JPEGImages/d8623d26,83,720,764,/datadrive2/MOSE_release/train/Annotations/d8623d26,d8623d26,0,82,/datadrive2/MOSE_release/train/Boxes/d8623d26
,/datadrive2/MOSE_release/train/JPEGImages/d869a3cf,73,1920,1080,/datadrive2/MOSE_release/train/Annotations/d869a3cf,d869a3cf,0,72,/datadrive2/MOSE_release/train/Boxes/d869a3cf
,/datadrive2/MOSE_release/train/JPEGImages/d883e976,61,1920,1080,/datadrive2/MOSE_release/train/Annotations/d883e976,d883e976,0,60,/datadrive2/MOSE_release/train/Boxes/d883e976
,/datadrive2/MOSE_release/train/JPEGImages/d8e8d984,81,864,472,/datadrive2/MOSE_release/train/Annotations/d8e8d984,d8e8d984,0,80,/datadrive2/MOSE_release/train/Boxes/d8e8d984
,/datadrive2/MOSE_release/train/JPEGImages/d904c048,30,900,1128,/datadrive2/MOSE_release/train/Annotations/d904c048,d904c048,0,29,/datadrive2/MOSE_release/train/Boxes/d904c048
,/datadrive2/MOSE_release/train/JPEGImages/d942e98c,30,1080,862,/datadrive2/MOSE_release/train/Annotations/d942e98c,d942e98c,0,29,/datadrive2/MOSE_release/train/Boxes/d942e98c
,/datadrive2/MOSE_release/train/JPEGImages/d952481c,30,1080,1920,/datadrive2/MOSE_release/train/Annotations/d952481c,d952481c,0,29,/datadrive2/MOSE_release/train/Boxes/d952481c
,/datadrive2/MOSE_release/train/JPEGImages/d9638e69,50,1652,1080,/datadrive2/MOSE_release/train/Annotations/d9638e69,d9638e69,0,49,/datadrive2/MOSE_release/train/Boxes/d9638e69
,/datadrive2/MOSE_release/train/JPEGImages/d97c9309,121,1280,720,/datadrive2/MOSE_release/train/Annotations/d97c9309,d97c9309,0,120,/datadrive2/MOSE_release/train/Boxes/d97c9309
,/datadrive2/MOSE_release/train/JPEGImages/da5e4bc5,138,1280,720,/datadrive2/MOSE_release/train/Annotations/da5e4bc5,da5e4bc5,0,137,/datadrive2/MOSE_release/train/Boxes/da5e4bc5
,/datadrive2/MOSE_release/train/JPEGImages/da7080cd,30,1920,1080,/datadrive2/MOSE_release/train/Annotations/da7080cd,da7080cd,0,29,/datadrive2/MOSE_release/train/Boxes/da7080cd
,/datadrive2/MOSE_release/train/JPEGImages/da7dee28,41,1920,1080,/datadrive2/MOSE_release/train/Annotations/da7dee28,da7dee28,0,40,/datadrive2/MOSE_release/train/Boxes/da7dee28
,/datadrive2/MOSE_release/train/JPEGImages/dae93f5c,52,900,1128,/datadrive2/MOSE_release/train/Annotations/dae93f5c,dae93f5c,0,51,/datadrive2/MOSE_release/train/Boxes/dae93f5c
,/datadrive2/MOSE_release/train/JPEGImages/dafeb75e,72,1280,662,/datadrive2/MOSE_release/train/Annotations/dafeb75e,dafeb75e,0,71,/datadrive2/MOSE_release/train/Boxes/dafeb75e
,/datadrive2/MOSE_release/train/JPEGImages/db5319c7,29,1920,1080,/datadrive2/MOSE_release/train/Annotations/db5319c7,db5319c7,0,28,/datadrive2/MOSE_release/train/Boxes/db5319c7
,/datadrive2/MOSE_release/train/JPEGImages/db6533a5,127,960,544,/datadrive2/MOSE_release/train/Annotations/db6533a5,db6533a5,0,126,/datadrive2/MOSE_release/train/Boxes/db6533a5
,/datadrive2/MOSE_release/train/JPEGImages/db735509,63,2340,1080,/datadrive2/MOSE_release/train/Annotations/db735509,db735509,0,62,/datadrive2/MOSE_release/train/Boxes/db735509
,/datadrive2/MOSE_release/train/JPEGImages/db78e7a1,37,1920,1080,/datadrive2/MOSE_release/train/Annotations/db78e7a1,db78e7a1,0,36,/datadrive2/MOSE_release/train/Boxes/db78e7a1
,/datadrive2/MOSE_release/train/JPEGImages/dba172b1,61,1280,720,/datadrive2/MOSE_release/train/Annotations/dba172b1,dba172b1,0,60,/datadrive2/MOSE_release/train/Boxes/dba172b1
,/datadrive2/MOSE_release/train/JPEGImages/dbbbb401,48,1567,730,/datadrive2/MOSE_release/train/Annotations/dbbbb401,dbbbb401,0,47,/datadrive2/MOSE_release/train/Boxes/dbbbb401
,/datadrive2/MOSE_release/train/JPEGImages/dbd67417,50,960,720,/datadrive2/MOSE_release/train/Annotations/dbd67417,dbd67417,0,49,/datadrive2/MOSE_release/train/Boxes/dbd67417
,/datadrive2/MOSE_release/train/JPEGImages/dc2c570d,93,1920,945,/datadrive2/MOSE_release/train/Annotations/dc2c570d,dc2c570d,0,92,/datadrive2/MOSE_release/train/Boxes/dc2c570d
,/datadrive2/MOSE_release/train/JPEGImages/dc33acf8,60,1652,1080,/datadrive2/MOSE_release/train/Annotations/dc33acf8,dc33acf8,0,59,/datadrive2/MOSE_release/train/Boxes/dc33acf8
,/datadrive2/MOSE_release/train/JPEGImages/dc54aab2,12,1280,662,/datadrive2/MOSE_release/train/Annotations/dc54aab2,dc54aab2,0,11,/datadrive2/MOSE_release/train/Boxes/dc54aab2
,/datadrive2/MOSE_release/train/JPEGImages/dc7d21fb,43,1080,1920,/datadrive2/MOSE_release/train/Annotations/dc7d21fb,dc7d21fb,0,42,/datadrive2/MOSE_release/train/Boxes/dc7d21fb
,/datadrive2/MOSE_release/train/JPEGImages/dc8679e0,26,1920,1080,/datadrive2/MOSE_release/train/Annotations/dc8679e0,dc8679e0,0,25,/datadrive2/MOSE_release/train/Boxes/dc8679e0
,/datadrive2/MOSE_release/train/JPEGImages/dd3f4a07,66,960,544,/datadrive2/MOSE_release/train/Annotations/dd3f4a07,dd3f4a07,0,65,/datadrive2/MOSE_release/train/Boxes/dd3f4a07
,/datadrive2/MOSE_release/train/JPEGImages/dd4eb8f1,18,1104,544,/datadrive2/MOSE_release/train/Annotations/dd4eb8f1,dd4eb8f1,0,17,/datadrive2/MOSE_release/train/Boxes/dd4eb8f1
,/datadrive2/MOSE_release/train/JPEGImages/dd5a4739,48,1920,1080,/datadrive2/MOSE_release/train/Annotations/dd5a4739,dd5a4739,0,47,/datadrive2/MOSE_release/train/Boxes/dd5a4739
,/datadrive2/MOSE_release/train/JPEGImages/ddb1d0b1,62,1280,596,/datadrive2/MOSE_release/train/Annotations/ddb1d0b1,ddb1d0b1,0,61,/datadrive2/MOSE_release/train/Boxes/ddb1d0b1
,/datadrive2/MOSE_release/train/JPEGImages/ddbdfa32,29,1920,1080,/datadrive2/MOSE_release/train/Annotations/ddbdfa32,ddbdfa32,0,28,/datadrive2/MOSE_release/train/Boxes/ddbdfa32
,/datadrive2/MOSE_release/train/JPEGImages/ddbebec1,20,1920,1080,/datadrive2/MOSE_release/train/Annotations/ddbebec1,ddbebec1,0,19,/datadrive2/MOSE_release/train/Boxes/ddbebec1
,/datadrive2/MOSE_release/train/JPEGImages/ddd383cc,54,1770,1080,/datadrive2/MOSE_release/train/Annotations/ddd383cc,ddd383cc,0,53,/datadrive2/MOSE_release/train/Boxes/ddd383cc
,/datadrive2/MOSE_release/train/JPEGImages/dde85a9d,31,1280,720,/datadrive2/MOSE_release/train/Annotations/dde85a9d,dde85a9d,0,30,/datadrive2/MOSE_release/train/Boxes/dde85a9d
,/datadrive2/MOSE_release/train/JPEGImages/ddf80bcd,42,1920,1080,/datadrive2/MOSE_release/train/Annotations/ddf80bcd,ddf80bcd,0,41,/datadrive2/MOSE_release/train/Boxes/ddf80bcd
,/datadrive2/MOSE_release/train/JPEGImages/ddfa88c7,30,1280,720,/datadrive2/MOSE_release/train/Annotations/ddfa88c7,ddfa88c7,0,29,/datadrive2/MOSE_release/train/Boxes/ddfa88c7
,/datadrive2/MOSE_release/train/JPEGImages/de2f2a6a,143,1920,1080,/datadrive2/MOSE_release/train/Annotations/de2f2a6a,de2f2a6a,0,142,/datadrive2/MOSE_release/train/Boxes/de2f2a6a
,/datadrive2/MOSE_release/train/JPEGImages/debe4249,39,551,360,/datadrive2/MOSE_release/train/Annotations/debe4249,debe4249,0,38,/datadrive2/MOSE_release/train/Boxes/debe4249
,/datadrive2/MOSE_release/train/JPEGImages/df7cf932,23,1920,1080,/datadrive2/MOSE_release/train/Annotations/df7cf932,df7cf932,0,22,/datadrive2/MOSE_release/train/Boxes/df7cf932
,/datadrive2/MOSE_release/train/JPEGImages/dfa99126,45,1280,662,/datadrive2/MOSE_release/train/Annotations/dfa99126,dfa99126,0,44,/datadrive2/MOSE_release/train/Boxes/dfa99126
,/datadrive2/MOSE_release/train/JPEGImages/e0d9aff0,63,1088,888,/datadrive2/MOSE_release/train/Annotations/e0d9aff0,e0d9aff0,0,62,/datadrive2/MOSE_release/train/Boxes/e0d9aff0
,/datadrive2/MOSE_release/train/JPEGImages/e147ab26,86,1280,720,/datadrive2/MOSE_release/train/Annotations/e147ab26,e147ab26,0,85,/datadrive2/MOSE_release/train/Boxes/e147ab26
,/datadrive2/MOSE_release/train/JPEGImages/e14d1f96,101,1920,1080,/datadrive2/MOSE_release/train/Annotations/e14d1f96,e14d1f96,0,100,/datadrive2/MOSE_release/train/Boxes/e14d1f96
,/datadrive2/MOSE_release/train/JPEGImages/e15e4de8,78,1280,720,/datadrive2/MOSE_release/train/Annotations/e15e4de8,e15e4de8,0,77,/datadrive2/MOSE_release/train/Boxes/e15e4de8
,/datadrive2/MOSE_release/train/JPEGImages/e18723c4,15,1280,662,/datadrive2/MOSE_release/train/Annotations/e18723c4,e18723c4,0,14,/datadrive2/MOSE_release/train/Boxes/e18723c4
,/datadrive2/MOSE_release/train/JPEGImages/e18f1dea,70,1280,720,/datadrive2/MOSE_release/train/Annotations/e18f1dea,e18f1dea,0,69,/datadrive2/MOSE_release/train/Boxes/e18f1dea
,/datadrive2/MOSE_release/train/JPEGImages/e1b7f212,42,1920,1080,/datadrive2/MOSE_release/train/Annotations/e1b7f212,e1b7f212,0,41,/datadrive2/MOSE_release/train/Boxes/e1b7f212
,/datadrive2/MOSE_release/train/JPEGImages/e1c26a53,24,1920,1080,/datadrive2/MOSE_release/train/Annotations/e1c26a53,e1c26a53,0,23,/datadrive2/MOSE_release/train/Boxes/e1c26a53
,/datadrive2/MOSE_release/train/JPEGImages/e1c48bdd,162,1920,1080,/datadrive2/MOSE_release/train/Annotations/e1c48bdd,e1c48bdd,0,161,/datadrive2/MOSE_release/train/Boxes/e1c48bdd
,/datadrive2/MOSE_release/train/JPEGImages/e1d9fb32,30,720,960,/datadrive2/MOSE_release/train/Annotations/e1d9fb32,e1d9fb32,0,29,/datadrive2/MOSE_release/train/Boxes/e1d9fb32
,/datadrive2/MOSE_release/train/JPEGImages/e2160f17,45,848,480,/datadrive2/MOSE_release/train/Annotations/e2160f17,e2160f17,0,44,/datadrive2/MOSE_release/train/Boxes/e2160f17
,/datadrive2/MOSE_release/train/JPEGImages/e23c6392,28,1280,530,/datadrive2/MOSE_release/train/Annotations/e23c6392,e23c6392,0,27,/datadrive2/MOSE_release/train/Boxes/e23c6392
,/datadrive2/MOSE_release/train/JPEGImages/e2e308d8,6,2160,1080,/datadrive2/MOSE_release/train/Annotations/e2e308d8,e2e308d8,0,5,/datadrive2/MOSE_release/train/Boxes/e2e308d8
,/datadrive2/MOSE_release/train/JPEGImages/e2e6f421,30,1920,1080,/datadrive2/MOSE_release/train/Annotations/e2e6f421,e2e6f421,0,29,/datadrive2/MOSE_release/train/Boxes/e2e6f421
,/datadrive2/MOSE_release/train/JPEGImages/e307510e,61,2160,3138,/datadrive2/MOSE_release/train/Annotations/e307510e,e307510e,0,60,/datadrive2/MOSE_release/train/Boxes/e307510e
,/datadrive2/MOSE_release/train/JPEGImages/e325a6d4,13,640,360,/datadrive2/MOSE_release/train/Annotations/e325a6d4,e325a6d4,0,12,/datadrive2/MOSE_release/train/Boxes/e325a6d4
,/datadrive2/MOSE_release/train/JPEGImages/e33cddc9,34,1920,1080,/datadrive2/MOSE_release/train/Annotations/e33cddc9,e33cddc9,0,33,/datadrive2/MOSE_release/train/Boxes/e33cddc9
,/datadrive2/MOSE_release/train/JPEGImages/e35a8262,30,1920,945,/datadrive2/MOSE_release/train/Annotations/e35a8262,e35a8262,0,29,/datadrive2/MOSE_release/train/Boxes/e35a8262
,/datadrive2/MOSE_release/train/JPEGImages/e362c16b,40,1280,720,/datadrive2/MOSE_release/train/Annotations/e362c16b,e362c16b,0,39,/datadrive2/MOSE_release/train/Boxes/e362c16b
,/datadrive2/MOSE_release/train/JPEGImages/e36678a0,5,828,471,/datadrive2/MOSE_release/train/Annotations/e36678a0,e36678a0,0,4,/datadrive2/MOSE_release/train/Boxes/e36678a0
,/datadrive2/MOSE_release/train/JPEGImages/e36a3026,48,550,313,/datadrive2/MOSE_release/train/Annotations/e36a3026,e36a3026,0,47,/datadrive2/MOSE_release/train/Boxes/e36a3026
,/datadrive2/MOSE_release/train/JPEGImages/e3dcd186,114,1920,1080,/datadrive2/MOSE_release/train/Annotations/e3dcd186,e3dcd186,0,113,/datadrive2/MOSE_release/train/Boxes/e3dcd186
,/datadrive2/MOSE_release/train/JPEGImages/e417a6d8,16,1920,1080,/datadrive2/MOSE_release/train/Annotations/e417a6d8,e417a6d8,0,15,/datadrive2/MOSE_release/train/Boxes/e417a6d8
,/datadrive2/MOSE_release/train/JPEGImages/e495537a,174,1690,1080,/datadrive2/MOSE_release/train/Annotations/e495537a,e495537a,0,173,/datadrive2/MOSE_release/train/Boxes/e495537a
,/datadrive2/MOSE_release/train/JPEGImages/e4a72496,86,1920,1080,/datadrive2/MOSE_release/train/Annotations/e4a72496,e4a72496,0,85,/datadrive2/MOSE_release/train/Boxes/e4a72496
,/datadrive2/MOSE_release/train/JPEGImages/e4b6d2a0,193,1920,1080,/datadrive2/MOSE_release/train/Annotations/e4b6d2a0,e4b6d2a0,0,192,/datadrive2/MOSE_release/train/Boxes/e4b6d2a0
,/datadrive2/MOSE_release/train/JPEGImages/e4b6f2ef,80,1101,720,/datadrive2/MOSE_release/train/Annotations/e4b6f2ef,e4b6f2ef,0,79,/datadrive2/MOSE_release/train/Boxes/e4b6f2ef
,/datadrive2/MOSE_release/train/JPEGImages/e4cec154,4,1920,1080,/datadrive2/MOSE_release/train/Annotations/e4cec154,e4cec154,0,3,/datadrive2/MOSE_release/train/Boxes/e4cec154
,/datadrive2/MOSE_release/train/JPEGImages/e4f4ddae,25,1920,794,/datadrive2/MOSE_release/train/Annotations/e4f4ddae,e4f4ddae,0,24,/datadrive2/MOSE_release/train/Boxes/e4f4ddae
,/datadrive2/MOSE_release/train/JPEGImages/e50dbddb,64,640,360,/datadrive2/MOSE_release/train/Annotations/e50dbddb,e50dbddb,0,63,/datadrive2/MOSE_release/train/Boxes/e50dbddb
,/datadrive2/MOSE_release/train/JPEGImages/e53611da,117,720,720,/datadrive2/MOSE_release/train/Annotations/e53611da,e53611da,0,116,/datadrive2/MOSE_release/train/Boxes/e53611da
,/datadrive2/MOSE_release/train/JPEGImages/e5605136,11,640,294,/datadrive2/MOSE_release/train/Annotations/e5605136,e5605136,0,10,/datadrive2/MOSE_release/train/Boxes/e5605136
,/datadrive2/MOSE_release/train/JPEGImages/e5665030,38,720,720,/datadrive2/MOSE_release/train/Annotations/e5665030,e5665030,0,37,/datadrive2/MOSE_release/train/Boxes/e5665030
,/datadrive2/MOSE_release/train/JPEGImages/e569a15f,15,1026,576,/datadrive2/MOSE_release/train/Annotations/e569a15f,e569a15f,0,14,/datadrive2/MOSE_release/train/Boxes/e569a15f
,/datadrive2/MOSE_release/train/JPEGImages/e5be4781,64,1920,994,/datadrive2/MOSE_release/train/Annotations/e5be4781,e5be4781,0,63,/datadrive2/MOSE_release/train/Boxes/e5be4781
,/datadrive2/MOSE_release/train/JPEGImages/e5e9eb29,121,1280,720,/datadrive2/MOSE_release/train/Annotations/e5e9eb29,e5e9eb29,0,120,/datadrive2/MOSE_release/train/Boxes/e5e9eb29
,/datadrive2/MOSE_release/train/JPEGImages/e607450d,105,1280,720,/datadrive2/MOSE_release/train/Annotations/e607450d,e607450d,0,104,/datadrive2/MOSE_release/train/Boxes/e607450d
,/datadrive2/MOSE_release/train/JPEGImages/e6348d2c,141,1920,994,/datadrive2/MOSE_release/train/Annotations/e6348d2c,e6348d2c,0,140,/datadrive2/MOSE_release/train/Boxes/e6348d2c
,/datadrive2/MOSE_release/train/JPEGImages/e638e950,90,1920,944,/datadrive2/MOSE_release/train/Annotations/e638e950,e638e950,0,89,/datadrive2/MOSE_release/train/Boxes/e638e950
,/datadrive2/MOSE_release/train/JPEGImages/e64c13dc,13,1280,630,/datadrive2/MOSE_release/train/Annotations/e64c13dc,e64c13dc,0,12,/datadrive2/MOSE_release/train/Boxes/e64c13dc
,/datadrive2/MOSE_release/train/JPEGImages/e69db797,26,1920,1080,/datadrive2/MOSE_release/train/Annotations/e69db797,e69db797,0,25,/datadrive2/MOSE_release/train/Boxes/e69db797
,/datadrive2/MOSE_release/train/JPEGImages/e6a7b79c,29,550,360,/datadrive2/MOSE_release/train/Annotations/e6a7b79c,e6a7b79c,0,28,/datadrive2/MOSE_release/train/Boxes/e6a7b79c
,/datadrive2/MOSE_release/train/JPEGImages/e6e48ac8,50,1920,944,/datadrive2/MOSE_release/train/Annotations/e6e48ac8,e6e48ac8,0,49,/datadrive2/MOSE_release/train/Boxes/e6e48ac8
,/datadrive2/MOSE_release/train/JPEGImages/e6f3bf07,57,828,471,/datadrive2/MOSE_release/train/Annotations/e6f3bf07,e6f3bf07,0,56,/datadrive2/MOSE_release/train/Boxes/e6f3bf07
,/datadrive2/MOSE_release/train/JPEGImages/e6f8a31d,118,2340,1080,/datadrive2/MOSE_release/train/Annotations/e6f8a31d,e6f8a31d,0,117,/datadrive2/MOSE_release/train/Boxes/e6f8a31d
,/datadrive2/MOSE_release/train/JPEGImages/e71f9faa,54,1920,1080,/datadrive2/MOSE_release/train/Annotations/e71f9faa,e71f9faa,0,53,/datadrive2/MOSE_release/train/Boxes/e71f9faa
,/datadrive2/MOSE_release/train/JPEGImages/e727099f,18,1920,1080,/datadrive2/MOSE_release/train/Annotations/e727099f,e727099f,0,17,/datadrive2/MOSE_release/train/Boxes/e727099f
,/datadrive2/MOSE_release/train/JPEGImages/e7529cbc,235,1281,720,/datadrive2/MOSE_release/train/Annotations/e7529cbc,e7529cbc,0,234,/datadrive2/MOSE_release/train/Boxes/e7529cbc
,/datadrive2/MOSE_release/train/JPEGImages/e765a09e,25,1918,818,/datadrive2/MOSE_release/train/Annotations/e765a09e,e765a09e,0,24,/datadrive2/MOSE_release/train/Boxes/e765a09e
,/datadrive2/MOSE_release/train/JPEGImages/e79ecd47,61,1080,1042,/datadrive2/MOSE_release/train/Annotations/e79ecd47,e79ecd47,0,60,/datadrive2/MOSE_release/train/Boxes/e79ecd47
,/datadrive2/MOSE_release/train/JPEGImages/e7ad4717,87,1280,720,/datadrive2/MOSE_release/train/Annotations/e7ad4717,e7ad4717,0,86,/datadrive2/MOSE_release/train/Boxes/e7ad4717
,/datadrive2/MOSE_release/train/JPEGImages/e7b34ab6,275,1920,994,/datadrive2/MOSE_release/train/Annotations/e7b34ab6,e7b34ab6,0,274,/datadrive2/MOSE_release/train/Boxes/e7b34ab6
,/datadrive2/MOSE_release/train/JPEGImages/e7e2a0b9,83,1920,1080,/datadrive2/MOSE_release/train/Annotations/e7e2a0b9,e7e2a0b9,0,82,/datadrive2/MOSE_release/train/Boxes/e7e2a0b9
,/datadrive2/MOSE_release/train/JPEGImages/e85301d5,26,572,327,/datadrive2/MOSE_release/train/Annotations/e85301d5,e85301d5,0,25,/datadrive2/MOSE_release/train/Boxes/e85301d5
,/datadrive2/MOSE_release/train/JPEGImages/e89b1501,84,912,831,/datadrive2/MOSE_release/train/Annotations/e89b1501,e89b1501,0,83,/datadrive2/MOSE_release/train/Boxes/e89b1501
,/datadrive2/MOSE_release/train/JPEGImages/e93e8f01,34,1018,576,/datadrive2/MOSE_release/train/Annotations/e93e8f01,e93e8f01,0,33,/datadrive2/MOSE_release/train/Boxes/e93e8f01
,/datadrive2/MOSE_release/train/JPEGImages/e957b2b5,19,1920,1080,/datadrive2/MOSE_release/train/Annotations/e957b2b5,e957b2b5,0,18,/datadrive2/MOSE_release/train/Boxes/e957b2b5
,/datadrive2/MOSE_release/train/JPEGImages/e96b9b04,113,1280,567,/datadrive2/MOSE_release/train/Annotations/e96b9b04,e96b9b04,0,112,/datadrive2/MOSE_release/train/Boxes/e96b9b04
,/datadrive2/MOSE_release/train/JPEGImages/e99bd793,161,1920,1080,/datadrive2/MOSE_release/train/Annotations/e99bd793,e99bd793,0,160,/datadrive2/MOSE_release/train/Boxes/e99bd793
,/datadrive2/MOSE_release/train/JPEGImages/e9d3465e,29,2160,1080,/datadrive2/MOSE_release/train/Annotations/e9d3465e,e9d3465e,0,28,/datadrive2/MOSE_release/train/Boxes/e9d3465e
,/datadrive2/MOSE_release/train/JPEGImages/ea65e6b7,51,1920,1080,/datadrive2/MOSE_release/train/Annotations/ea65e6b7,ea65e6b7,0,50,/datadrive2/MOSE_release/train/Boxes/ea65e6b7
,/datadrive2/MOSE_release/train/JPEGImages/eabdf66a,33,1280,720,/datadrive2/MOSE_release/train/Annotations/eabdf66a,eabdf66a,0,32,/datadrive2/MOSE_release/train/Boxes/eabdf66a
,/datadrive2/MOSE_release/train/JPEGImages/eac1a9e6,41,1280,720,/datadrive2/MOSE_release/train/Annotations/eac1a9e6,eac1a9e6,0,40,/datadrive2/MOSE_release/train/Boxes/eac1a9e6
,/datadrive2/MOSE_release/train/JPEGImages/eaed776d,26,1920,944,/datadrive2/MOSE_release/train/Annotations/eaed776d,eaed776d,0,25,/datadrive2/MOSE_release/train/Boxes/eaed776d
,/datadrive2/MOSE_release/train/JPEGImages/eaff3301,180,1920,1080,/datadrive2/MOSE_release/train/Annotations/eaff3301,eaff3301,0,179,/datadrive2/MOSE_release/train/Boxes/eaff3301
,/datadrive2/MOSE_release/train/JPEGImages/eb4d26e1,48,1920,1080,/datadrive2/MOSE_release/train/Annotations/eb4d26e1,eb4d26e1,0,47,/datadrive2/MOSE_release/train/Boxes/eb4d26e1
,/datadrive2/MOSE_release/train/JPEGImages/eb93ed20,16,384,360,/datadrive2/MOSE_release/train/Annotations/eb93ed20,eb93ed20,0,15,/datadrive2/MOSE_release/train/Boxes/eb93ed20
,/datadrive2/MOSE_release/train/JPEGImages/ebb77f95,32,1080,1920,/datadrive2/MOSE_release/train/Annotations/ebb77f95,ebb77f95,0,31,/datadrive2/MOSE_release/train/Boxes/ebb77f95
,/datadrive2/MOSE_release/train/JPEGImages/ebd82d35,120,2340,1080,/datadrive2/MOSE_release/train/Annotations/ebd82d35,ebd82d35,0,119,/datadrive2/MOSE_release/train/Boxes/ebd82d35
,/datadrive2/MOSE_release/train/JPEGImages/ec27366a,60,960,544,/datadrive2/MOSE_release/train/Annotations/ec27366a,ec27366a,0,59,/datadrive2/MOSE_release/train/Boxes/ec27366a
,/datadrive2/MOSE_release/train/JPEGImages/ec66879d,131,890,720,/datadrive2/MOSE_release/train/Annotations/ec66879d,ec66879d,0,130,/datadrive2/MOSE_release/train/Boxes/ec66879d
,/datadrive2/MOSE_release/train/JPEGImages/ec6dd0e9,41,1920,1080,/datadrive2/MOSE_release/train/Annotations/ec6dd0e9,ec6dd0e9,0,40,/datadrive2/MOSE_release/train/Boxes/ec6dd0e9
,/datadrive2/MOSE_release/train/JPEGImages/ec97bc21,7,1280,720,/datadrive2/MOSE_release/train/Annotations/ec97bc21,ec97bc21,0,6,/datadrive2/MOSE_release/train/Boxes/ec97bc21
,/datadrive2/MOSE_release/train/JPEGImages/ed81c485,31,848,480,/datadrive2/MOSE_release/train/Annotations/ed81c485,ed81c485,0,30,/datadrive2/MOSE_release/train/Boxes/ed81c485
,/datadrive2/MOSE_release/train/JPEGImages/ed878d94,54,1920,1080,/datadrive2/MOSE_release/train/Annotations/ed878d94,ed878d94,0,53,/datadrive2/MOSE_release/train/Boxes/ed878d94
,/datadrive2/MOSE_release/train/JPEGImages/eda37457,174,1920,1080,/datadrive2/MOSE_release/train/Annotations/eda37457,eda37457,0,173,/datadrive2/MOSE_release/train/Boxes/eda37457
,/datadrive2/MOSE_release/train/JPEGImages/edb11192,309,1920,1080,/datadrive2/MOSE_release/train/Annotations/edb11192,edb11192,0,308,/datadrive2/MOSE_release/train/Boxes/edb11192
,/datadrive2/MOSE_release/train/JPEGImages/ee059f99,242,1920,994,/datadrive2/MOSE_release/train/Annotations/ee059f99,ee059f99,0,241,/datadrive2/MOSE_release/train/Boxes/ee059f99
,/datadrive2/MOSE_release/train/JPEGImages/ee095221,37,1920,1080,/datadrive2/MOSE_release/train/Annotations/ee095221,ee095221,0,36,/datadrive2/MOSE_release/train/Boxes/ee095221
,/datadrive2/MOSE_release/train/JPEGImages/ee113fc4,225,1920,945,/datadrive2/MOSE_release/train/Annotations/ee113fc4,ee113fc4,0,224,/datadrive2/MOSE_release/train/Boxes/ee113fc4
,/datadrive2/MOSE_release/train/JPEGImages/ee2c0688,19,1920,972,/datadrive2/MOSE_release/train/Annotations/ee2c0688,ee2c0688,0,18,/datadrive2/MOSE_release/train/Boxes/ee2c0688
,/datadrive2/MOSE_release/train/JPEGImages/ee656443,7,384,360,/datadrive2/MOSE_release/train/Annotations/ee656443,ee656443,0,6,/datadrive2/MOSE_release/train/Boxes/ee656443
,/datadrive2/MOSE_release/train/JPEGImages/ee91f783,36,960,544,/datadrive2/MOSE_release/train/Annotations/ee91f783,ee91f783,0,35,/datadrive2/MOSE_release/train/Boxes/ee91f783
,/datadrive2/MOSE_release/train/JPEGImages/ee9caa47,11,1920,918,/datadrive2/MOSE_release/train/Annotations/ee9caa47,ee9caa47,0,10,/datadrive2/MOSE_release/train/Boxes/ee9caa47
,/datadrive2/MOSE_release/train/JPEGImages/eeaaa67e,126,1920,1080,/datadrive2/MOSE_release/train/Annotations/eeaaa67e,eeaaa67e,0,125,/datadrive2/MOSE_release/train/Boxes/eeaaa67e
,/datadrive2/MOSE_release/train/JPEGImages/eec4c008,65,1908,959,/datadrive2/MOSE_release/train/Annotations/eec4c008,eec4c008,0,64,/datadrive2/MOSE_release/train/Boxes/eec4c008
,/datadrive2/MOSE_release/train/JPEGImages/ef51a724,78,1920,1080,/datadrive2/MOSE_release/train/Annotations/ef51a724,ef51a724,0,77,/datadrive2/MOSE_release/train/Boxes/ef51a724
,/datadrive2/MOSE_release/train/JPEGImages/ef55817b,58,1424,744,/datadrive2/MOSE_release/train/Annotations/ef55817b,ef55817b,0,57,/datadrive2/MOSE_release/train/Boxes/ef55817b
,/datadrive2/MOSE_release/train/JPEGImages/efa25913,180,1920,1080,/datadrive2/MOSE_release/train/Annotations/efa25913,efa25913,0,179,/datadrive2/MOSE_release/train/Boxes/efa25913
,/datadrive2/MOSE_release/train/JPEGImages/efdab888,68,2160,1080,/datadrive2/MOSE_release/train/Annotations/efdab888,efdab888,0,67,/datadrive2/MOSE_release/train/Boxes/efdab888
,/datadrive2/MOSE_release/train/JPEGImages/efe9cbca,70,720,720,/datadrive2/MOSE_release/train/Annotations/efe9cbca,efe9cbca,0,69,/datadrive2/MOSE_release/train/Boxes/efe9cbca
,/datadrive2/MOSE_release/train/JPEGImages/f01d8b9f,18,1920,944,/datadrive2/MOSE_release/train/Annotations/f01d8b9f,f01d8b9f,0,17,/datadrive2/MOSE_release/train/Boxes/f01d8b9f
,/datadrive2/MOSE_release/train/JPEGImages/f0617f71,84,1920,1080,/datadrive2/MOSE_release/train/Annotations/f0617f71,f0617f71,0,83,/datadrive2/MOSE_release/train/Boxes/f0617f71
,/datadrive2/MOSE_release/train/JPEGImages/f06632aa,61,1080,900,/datadrive2/MOSE_release/train/Annotations/f06632aa,f06632aa,0,60,/datadrive2/MOSE_release/train/Boxes/f06632aa
,/datadrive2/MOSE_release/train/JPEGImages/f07dd347,38,1920,1080,/datadrive2/MOSE_release/train/Annotations/f07dd347,f07dd347,0,37,/datadrive2/MOSE_release/train/Boxes/f07dd347
,/datadrive2/MOSE_release/train/JPEGImages/f088ad1c,33,1920,1080,/datadrive2/MOSE_release/train/Annotations/f088ad1c,f088ad1c,0,32,/datadrive2/MOSE_release/train/Boxes/f088ad1c
,/datadrive2/MOSE_release/train/JPEGImages/f0944ea2,40,1920,794,/datadrive2/MOSE_release/train/Annotations/f0944ea2,f0944ea2,0,39,/datadrive2/MOSE_release/train/Boxes/f0944ea2
,/datadrive2/MOSE_release/train/JPEGImages/f0b922bf,18,1920,928,/datadrive2/MOSE_release/train/Annotations/f0b922bf,f0b922bf,0,17,/datadrive2/MOSE_release/train/Boxes/f0b922bf
,/datadrive2/MOSE_release/train/JPEGImages/f0ba8748,59,960,544,/datadrive2/MOSE_release/train/Annotations/f0ba8748,f0ba8748,0,58,/datadrive2/MOSE_release/train/Boxes/f0ba8748
,/datadrive2/MOSE_release/train/JPEGImages/f169fd1b,220,1280,720,/datadrive2/MOSE_release/train/Annotations/f169fd1b,f169fd1b,0,219,/datadrive2/MOSE_release/train/Boxes/f169fd1b
,/datadrive2/MOSE_release/train/JPEGImages/f1c38e66,37,1080,926,/datadrive2/MOSE_release/train/Annotations/f1c38e66,f1c38e66,0,36,/datadrive2/MOSE_release/train/Boxes/f1c38e66
,/datadrive2/MOSE_release/train/JPEGImages/f22c39ce,56,1280,720,/datadrive2/MOSE_release/train/Annotations/f22c39ce,f22c39ce,0,55,/datadrive2/MOSE_release/train/Boxes/f22c39ce
,/datadrive2/MOSE_release/train/JPEGImages/f22e34d4,19,640,294,/datadrive2/MOSE_release/train/Annotations/f22e34d4,f22e34d4,0,18,/datadrive2/MOSE_release/train/Boxes/f22e34d4
,/datadrive2/MOSE_release/train/JPEGImages/f23e98ad,50,1076,720,/datadrive2/MOSE_release/train/Annotations/f23e98ad,f23e98ad,0,49,/datadrive2/MOSE_release/train/Boxes/f23e98ad
,/datadrive2/MOSE_release/train/JPEGImages/f28b429a,28,1920,1080,/datadrive2/MOSE_release/train/Annotations/f28b429a,f28b429a,0,27,/datadrive2/MOSE_release/train/Boxes/f28b429a
,/datadrive2/MOSE_release/train/JPEGImages/f2de4198,17,1920,1080,/datadrive2/MOSE_release/train/Annotations/f2de4198,f2de4198,0,16,/datadrive2/MOSE_release/train/Boxes/f2de4198
,/datadrive2/MOSE_release/train/JPEGImages/f33d3c15,30,1280,540,/datadrive2/MOSE_release/train/Annotations/f33d3c15,f33d3c15,0,29,/datadrive2/MOSE_release/train/Boxes/f33d3c15
,/datadrive2/MOSE_release/train/JPEGImages/f3431885,60,1920,1080,/datadrive2/MOSE_release/train/Annotations/f3431885,f3431885,0,59,/datadrive2/MOSE_release/train/Boxes/f3431885
,/datadrive2/MOSE_release/train/JPEGImages/f36b13ef,4,1920,1080,/datadrive2/MOSE_release/train/Annotations/f36b13ef,f36b13ef,0,3,/datadrive2/MOSE_release/train/Boxes/f36b13ef
,/datadrive2/MOSE_release/train/JPEGImages/f3978ade,70,1920,1080,/datadrive2/MOSE_release/train/Annotations/f3978ade,f3978ade,0,69,/datadrive2/MOSE_release/train/Boxes/f3978ade
,/datadrive2/MOSE_release/train/JPEGImages/f3ada126,42,1920,1080,/datadrive2/MOSE_release/train/Annotations/f3ada126,f3ada126,0,41,/datadrive2/MOSE_release/train/Boxes/f3ada126
,/datadrive2/MOSE_release/train/JPEGImages/f3c0f0cf,48,1920,975,/datadrive2/MOSE_release/train/Annotations/f3c0f0cf,f3c0f0cf,0,47,/datadrive2/MOSE_release/train/Boxes/f3c0f0cf
,/datadrive2/MOSE_release/train/JPEGImages/f3f072f2,54,720,1280,/datadrive2/MOSE_release/train/Annotations/f3f072f2,f3f072f2,0,53,/datadrive2/MOSE_release/train/Boxes/f3f072f2
,/datadrive2/MOSE_release/train/JPEGImages/f40145c2,50,846,1080,/datadrive2/MOSE_release/train/Annotations/f40145c2,f40145c2,0,49,/datadrive2/MOSE_release/train/Boxes/f40145c2
,/datadrive2/MOSE_release/train/JPEGImages/f407a414,47,1920,1080,/datadrive2/MOSE_release/train/Annotations/f407a414,f407a414,0,46,/datadrive2/MOSE_release/train/Boxes/f407a414
,/datadrive2/MOSE_release/train/JPEGImages/f415f9ad,46,1080,1042,/datadrive2/MOSE_release/train/Annotations/f415f9ad,f415f9ad,0,45,/datadrive2/MOSE_release/train/Boxes/f415f9ad
,/datadrive2/MOSE_release/train/JPEGImages/f45d3823,150,1920,1080,/datadrive2/MOSE_release/train/Annotations/f45d3823,f45d3823,0,149,/datadrive2/MOSE_release/train/Boxes/f45d3823
,/datadrive2/MOSE_release/train/JPEGImages/f494e9fa,60,1920,1080,/datadrive2/MOSE_release/train/Annotations/f494e9fa,f494e9fa,0,59,/datadrive2/MOSE_release/train/Boxes/f494e9fa
,/datadrive2/MOSE_release/train/JPEGImages/f4c4a2ca,120,1920,1080,/datadrive2/MOSE_release/train/Annotations/f4c4a2ca,f4c4a2ca,0,119,/datadrive2/MOSE_release/train/Boxes/f4c4a2ca
,/datadrive2/MOSE_release/train/JPEGImages/f4c8ffb1,40,1088,816,/datadrive2/MOSE_release/train/Annotations/f4c8ffb1,f4c8ffb1,0,39,/datadrive2/MOSE_release/train/Boxes/f4c8ffb1
,/datadrive2/MOSE_release/train/JPEGImages/f509054f,111,864,1425,/datadrive2/MOSE_release/train/Annotations/f509054f,f509054f,0,110,/datadrive2/MOSE_release/train/Boxes/f509054f
,/datadrive2/MOSE_release/train/JPEGImages/f521e3c5,206,1536,1080,/datadrive2/MOSE_release/train/Annotations/f521e3c5,f521e3c5,0,205,/datadrive2/MOSE_release/train/Boxes/f521e3c5
,/datadrive2/MOSE_release/train/JPEGImages/f56942e9,42,576,1024,/datadrive2/MOSE_release/train/Annotations/f56942e9,f56942e9,0,41,/datadrive2/MOSE_release/train/Boxes/f56942e9
,/datadrive2/MOSE_release/train/JPEGImages/f5ca8271,24,1920,1080,/datadrive2/MOSE_release/train/Annotations/f5ca8271,f5ca8271,0,23,/datadrive2/MOSE_release/train/Boxes/f5ca8271
,/datadrive2/MOSE_release/train/JPEGImages/f5d2d8d3,180,1680,1080,/datadrive2/MOSE_release/train/Annotations/f5d2d8d3,f5d2d8d3,0,179,/datadrive2/MOSE_release/train/Boxes/f5d2d8d3
,/datadrive2/MOSE_release/train/JPEGImages/f643141f,121,960,472,/datadrive2/MOSE_release/train/Annotations/f643141f,f643141f,0,120,/datadrive2/MOSE_release/train/Boxes/f643141f
,/datadrive2/MOSE_release/train/JPEGImages/f6786ab5,75,1280,720,/datadrive2/MOSE_release/train/Annotations/f6786ab5,f6786ab5,0,74,/datadrive2/MOSE_release/train/Boxes/f6786ab5
,/datadrive2/MOSE_release/train/JPEGImages/f68507d0,36,1080,1766,/datadrive2/MOSE_release/train/Annotations/f68507d0,f68507d0,0,35,/datadrive2/MOSE_release/train/Boxes/f68507d0
,/datadrive2/MOSE_release/train/JPEGImages/f6bfc699,66,1920,1080,/datadrive2/MOSE_release/train/Annotations/f6bfc699,f6bfc699,0,65,/datadrive2/MOSE_release/train/Boxes/f6bfc699
,/datadrive2/MOSE_release/train/JPEGImages/f6dba17b,19,1920,1080,/datadrive2/MOSE_release/train/Annotations/f6dba17b,f6dba17b,0,18,/datadrive2/MOSE_release/train/Boxes/f6dba17b
,/datadrive2/MOSE_release/train/JPEGImages/f6de8226,61,900,1128,/datadrive2/MOSE_release/train/Annotations/f6de8226,f6de8226,0,60,/datadrive2/MOSE_release/train/Boxes/f6de8226
,/datadrive2/MOSE_release/train/JPEGImages/f6e40aba,93,960,544,/datadrive2/MOSE_release/train/Annotations/f6e40aba,f6e40aba,0,92,/datadrive2/MOSE_release/train/Boxes/f6e40aba
,/datadrive2/MOSE_release/train/JPEGImages/f6edee5c,5,1920,860,/datadrive2/MOSE_release/train/Annotations/f6edee5c,f6edee5c,0,4,/datadrive2/MOSE_release/train/Boxes/f6edee5c
,/datadrive2/MOSE_release/train/JPEGImages/f6f441eb,48,1280,720,/datadrive2/MOSE_release/train/Annotations/f6f441eb,f6f441eb,0,47,/datadrive2/MOSE_release/train/Boxes/f6f441eb
,/datadrive2/MOSE_release/train/JPEGImages/f6f8b4a6,80,1280,648,/datadrive2/MOSE_release/train/Annotations/f6f8b4a6,f6f8b4a6,0,79,/datadrive2/MOSE_release/train/Boxes/f6f8b4a6
,/datadrive2/MOSE_release/train/JPEGImages/f708e55f,58,1920,994,/datadrive2/MOSE_release/train/Annotations/f708e55f,f708e55f,0,57,/datadrive2/MOSE_release/train/Boxes/f708e55f
,/datadrive2/MOSE_release/train/JPEGImages/f7203226,40,1920,972,/datadrive2/MOSE_release/train/Annotations/f7203226,f7203226,0,39,/datadrive2/MOSE_release/train/Boxes/f7203226
,/datadrive2/MOSE_release/train/JPEGImages/f7360199,50,1766,945,/datadrive2/MOSE_release/train/Annotations/f7360199,f7360199,0,49,/datadrive2/MOSE_release/train/Boxes/f7360199
,/datadrive2/MOSE_release/train/JPEGImages/f7375ab3,63,1908,959,/datadrive2/MOSE_release/train/Annotations/f7375ab3,f7375ab3,0,62,/datadrive2/MOSE_release/train/Boxes/f7375ab3
,/datadrive2/MOSE_release/train/JPEGImages/f76f6cf9,18,1920,918,/datadrive2/MOSE_release/train/Annotations/f76f6cf9,f76f6cf9,0,17,/datadrive2/MOSE_release/train/Boxes/f76f6cf9
,/datadrive2/MOSE_release/train/JPEGImages/f7783321,23,1920,1080,/datadrive2/MOSE_release/train/Annotations/f7783321,f7783321,0,22,/datadrive2/MOSE_release/train/Boxes/f7783321
,/datadrive2/MOSE_release/train/JPEGImages/f7935d24,99,1920,1080,/datadrive2/MOSE_release/train/Annotations/f7935d24,f7935d24,0,98,/datadrive2/MOSE_release/train/Boxes/f7935d24
,/datadrive2/MOSE_release/train/JPEGImages/f7d36a47,69,1920,1080,/datadrive2/MOSE_release/train/Annotations/f7d36a47,f7d36a47,0,68,/datadrive2/MOSE_release/train/Boxes/f7d36a47
,/datadrive2/MOSE_release/train/JPEGImages/f8687b9a,44,2124,1080,/datadrive2/MOSE_release/train/Annotations/f8687b9a,f8687b9a,0,43,/datadrive2/MOSE_release/train/Boxes/f8687b9a
,/datadrive2/MOSE_release/train/JPEGImages/f8916fef,77,1536,1080,/datadrive2/MOSE_release/train/Annotations/f8916fef,f8916fef,0,76,/datadrive2/MOSE_release/train/Boxes/f8916fef
,/datadrive2/MOSE_release/train/JPEGImages/f89b54d0,30,1280,720,/datadrive2/MOSE_release/train/Annotations/f89b54d0,f89b54d0,0,29,/datadrive2/MOSE_release/train/Boxes/f89b54d0
,/datadrive2/MOSE_release/train/JPEGImages/f8e5f837,36,512,252,/datadrive2/MOSE_release/train/Annotations/f8e5f837,f8e5f837,0,35,/datadrive2/MOSE_release/train/Boxes/f8e5f837
,/datadrive2/MOSE_release/train/JPEGImages/f92cdae8,82,1280,720,/datadrive2/MOSE_release/train/Annotations/f92cdae8,f92cdae8,0,81,/datadrive2/MOSE_release/train/Boxes/f92cdae8
,/datadrive2/MOSE_release/train/JPEGImages/f93e1bd0,111,2340,1080,/datadrive2/MOSE_release/train/Annotations/f93e1bd0,f93e1bd0,0,110,/datadrive2/MOSE_release/train/Boxes/f93e1bd0
,/datadrive2/MOSE_release/train/JPEGImages/f9884439,122,960,472,/datadrive2/MOSE_release/train/Annotations/f9884439,f9884439,0,121,/datadrive2/MOSE_release/train/Boxes/f9884439
,/datadrive2/MOSE_release/train/JPEGImages/f9c20062,50,1920,820,/datadrive2/MOSE_release/train/Annotations/f9c20062,f9c20062,0,49,/datadrive2/MOSE_release/train/Boxes/f9c20062
,/datadrive2/MOSE_release/train/JPEGImages/f9cda066,26,960,480,/datadrive2/MOSE_release/train/Annotations/f9cda066,f9cda066,0,25,/datadrive2/MOSE_release/train/Boxes/f9cda066
,/datadrive2/MOSE_release/train/JPEGImages/fa3e0b85,48,1920,1080,/datadrive2/MOSE_release/train/Annotations/fa3e0b85,fa3e0b85,0,47,/datadrive2/MOSE_release/train/Boxes/fa3e0b85
,/datadrive2/MOSE_release/train/JPEGImages/fa95a6a2,54,1920,1080,/datadrive2/MOSE_release/train/Annotations/fa95a6a2,fa95a6a2,0,53,/datadrive2/MOSE_release/train/Boxes/fa95a6a2
,/datadrive2/MOSE_release/train/JPEGImages/fabae187,108,1080,1920,/datadrive2/MOSE_release/train/Annotations/fabae187,fabae187,0,107,/datadrive2/MOSE_release/train/Boxes/fabae187
,/datadrive2/MOSE_release/train/JPEGImages/fac3378e,300,1652,1080,/datadrive2/MOSE_release/train/Annotations/fac3378e,fac3378e,0,299,/datadrive2/MOSE_release/train/Boxes/fac3378e
,/datadrive2/MOSE_release/train/JPEGImages/faf7d852,90,1920,1080,/datadrive2/MOSE_release/train/Annotations/faf7d852,faf7d852,0,89,/datadrive2/MOSE_release/train/Boxes/faf7d852
,/datadrive2/MOSE_release/train/JPEGImages/fb16e746,58,576,1024,/datadrive2/MOSE_release/train/Annotations/fb16e746,fb16e746,0,57,/datadrive2/MOSE_release/train/Boxes/fb16e746
,/datadrive2/MOSE_release/train/JPEGImages/fbfb6e30,65,1920,1080,/datadrive2/MOSE_release/train/Annotations/fbfb6e30,fbfb6e30,0,64,/datadrive2/MOSE_release/train/Boxes/fbfb6e30
,/datadrive2/MOSE_release/train/JPEGImages/fc455e73,41,1280,720,/datadrive2/MOSE_release/train/Annotations/fc455e73,fc455e73,0,40,/datadrive2/MOSE_release/train/Boxes/fc455e73
,/datadrive2/MOSE_release/train/JPEGImages/fc467bf1,46,1766,945,/datadrive2/MOSE_release/train/Annotations/fc467bf1,fc467bf1,0,45,/datadrive2/MOSE_release/train/Boxes/fc467bf1
,/datadrive2/MOSE_release/train/JPEGImages/fc4c1c67,83,1279,720,/datadrive2/MOSE_release/train/Annotations/fc4c1c67,fc4c1c67,0,82,/datadrive2/MOSE_release/train/Boxes/fc4c1c67
,/datadrive2/MOSE_release/train/JPEGImages/fc6086dd,156,1283,720,/datadrive2/MOSE_release/train/Annotations/fc6086dd,fc6086dd,0,155,/datadrive2/MOSE_release/train/Boxes/fc6086dd
,/datadrive2/MOSE_release/train/JPEGImages/fc79c03e,36,1920,928,/datadrive2/MOSE_release/train/Annotations/fc79c03e,fc79c03e,0,35,/datadrive2/MOSE_release/train/Boxes/fc79c03e
,/datadrive2/MOSE_release/train/JPEGImages/fcc16740,96,2340,1080,/datadrive2/MOSE_release/train/Annotations/fcc16740,fcc16740,0,95,/datadrive2/MOSE_release/train/Boxes/fcc16740
,/datadrive2/MOSE_release/train/JPEGImages/fd1078cc,66,720,1280,/datadrive2/MOSE_release/train/Annotations/fd1078cc,fd1078cc,0,65,/datadrive2/MOSE_release/train/Boxes/fd1078cc
,/datadrive2/MOSE_release/train/JPEGImages/fd137178,41,540,304,/datadrive2/MOSE_release/train/Annotations/fd137178,fd137178,0,40,/datadrive2/MOSE_release/train/Boxes/fd137178
,/datadrive2/MOSE_release/train/JPEGImages/fd1e394f,15,1280,648,/datadrive2/MOSE_release/train/Annotations/fd1e394f,fd1e394f,0,14,/datadrive2/MOSE_release/train/Boxes/fd1e394f
,/datadrive2/MOSE_release/train/JPEGImages/fd5c5cfb,4,1262,503,/datadrive2/MOSE_release/train/Annotations/fd5c5cfb,fd5c5cfb,0,3,/datadrive2/MOSE_release/train/Boxes/fd5c5cfb
,/datadrive2/MOSE_release/train/JPEGImages/fdb2e432,180,1280,720,/datadrive2/MOSE_release/train/Annotations/fdb2e432,fdb2e432,0,179,/datadrive2/MOSE_release/train/Boxes/fdb2e432
,/datadrive2/MOSE_release/train/JPEGImages/fdd8dd49,23,1920,944,/datadrive2/MOSE_release/train/Annotations/fdd8dd49,fdd8dd49,0,22,/datadrive2/MOSE_release/train/Boxes/fdd8dd49
,/datadrive2/MOSE_release/train/JPEGImages/fdfd5d56,20,1088,888,/datadrive2/MOSE_release/train/Annotations/fdfd5d56,fdfd5d56,0,19,/datadrive2/MOSE_release/train/Boxes/fdfd5d56
,/datadrive2/MOSE_release/train/JPEGImages/fe21fd5c,150,1920,994,/datadrive2/MOSE_release/train/Annotations/fe21fd5c,fe21fd5c,0,149,/datadrive2/MOSE_release/train/Boxes/fe21fd5c
,/datadrive2/MOSE_release/train/JPEGImages/fe2dc281,33,2160,1080,/datadrive2/MOSE_release/train/Annotations/fe2dc281,fe2dc281,0,32,/datadrive2/MOSE_release/train/Boxes/fe2dc281
,/datadrive2/MOSE_release/train/JPEGImages/fe470104,75,1920,929,/datadrive2/MOSE_release/train/Annotations/fe470104,fe470104,0,74,/datadrive2/MOSE_release/train/Boxes/fe470104
,/datadrive2/MOSE_release/train/JPEGImages/fe6a535a,300,1652,1080,/datadrive2/MOSE_release/train/Annotations/fe6a535a,fe6a535a,0,299,/datadrive2/MOSE_release/train/Boxes/fe6a535a
,/datadrive2/MOSE_release/train/JPEGImages/fe86f2f8,91,1280,720,/datadrive2/MOSE_release/train/Annotations/fe86f2f8,fe86f2f8,0,90,/datadrive2/MOSE_release/train/Boxes/fe86f2f8
,/datadrive2/MOSE_release/train/JPEGImages/fe9706b7,25,1104,544,/datadrive2/MOSE_release/train/Annotations/fe9706b7,fe9706b7,0,24,/datadrive2/MOSE_release/train/Boxes/fe9706b7
,/datadrive2/MOSE_release/train/JPEGImages/fecd10d2,30,1920,1080,/datadrive2/MOSE_release/train/Annotations/fecd10d2,fecd10d2,0,29,/datadrive2/MOSE_release/train/Boxes/fecd10d2
,/datadrive2/MOSE_release/train/JPEGImages/fee3371f,56,1920,945,/datadrive2/MOSE_release/train/Annotations/fee3371f,fee3371f,0,55,/datadrive2/MOSE_release/train/Boxes/fee3371f
,/datadrive2/MOSE_release/train/JPEGImages/fef0aba4,60,912,502,/datadrive2/MOSE_release/train/Annotations/fef0aba4,fef0aba4,0,59,/datadrive2/MOSE_release/train/Boxes/fef0aba4
,/datadrive2/MOSE_release/train/JPEGImages/ff041cd1,180,1280,720,/datadrive2/MOSE_release/train/Annotations/ff041cd1,ff041cd1,0,179,/datadrive2/MOSE_release/train/Boxes/ff041cd1
,/datadrive2/MOSE_release/train/JPEGImages/ff1142df,54,1920,1080,/datadrive2/MOSE_release/train/Annotations/ff1142df,ff1142df,0,53,/datadrive2/MOSE_release/train/Boxes/ff1142df
,/datadrive2/MOSE_release/train/JPEGImages/ff77a145,28,1920,1080,/datadrive2/MOSE_release/train/Annotations/ff77a145,ff77a145,0,27,/datadrive2/MOSE_release/train/Boxes/ff77a145
,/datadrive2/MOSE_release/train/JPEGImages/ffb6a2e4,59,1920,1080,/datadrive2/MOSE_release/train/Annotations/ffb6a2e4,ffb6a2e4,0,58,/datadrive2/MOSE_release/train/Boxes/ffb6a2e4
,/datadrive2/MOSE_release/train/JPEGImages/ffcab778,181,1280,720,/datadrive2/MOSE_release/train/Annotations/ffcab778,ffcab778,0,180,/datadrive2/MOSE_release/train/Boxes/ffcab778
A man riding a scooter board,/home/qid/quanhao/workspace/Open-Sora/data/DAVIS/JPEGImages/480p/scooter-board,91,480,854,/home/qid/quanhao/workspace/Open-Sora/data/DAVIS/Annotations/480p/scooter-board,scooter-board,0,90,/datadrive2/MOSE_release/train/Boxes/scooter-board
After running and full of colors,/home/qid/quanhao/workspace/Open-Sora/data/DAVIS/JPEGImages/480p/color-run,84,480,854,/home/qid/quanhao/workspace/Open-Sora/data/DAVIS/Annotations/480p/color-run,color-run,0,83,/datadrive2/MOSE_release/train/Boxes/color-run
A man walking on the beach,/home/qid/quanhao/workspace/Open-Sora/data/DAVIS/JPEGImages/480p/kite-walk,80,480,854,/home/qid/quanhao/workspace/Open-Sora/data/DAVIS/Annotations/480p/kite-walk,kite-walk,0,79,/datadrive2/MOSE_release/train/Boxes/kite-walk
A dog chasing gooses on the grass,/home/qid/quanhao/workspace/Open-Sora/data/DAVIS/JPEGImages/480p/dog-gooses,86,480,854,/home/qid/quanhao/workspace/Open-Sora/data/DAVIS/Annotations/480p/dog-gooses,dog-gooses,0,85,/datadrive2/MOSE_release/train/Boxes/dog-gooses
A goat hopping on cliff,/home/qid/quanhao/workspace/Open-Sora/data/DAVIS/JPEGImages/480p/goat,90,480,854,/home/qid/quanhao/workspace/Open-Sora/data/DAVIS/Annotations/480p/goat,goat,0,89,/datadrive2/MOSE_release/train/Boxes/goat
A man and a woman wakling on the street,/home/qid/quanhao/workspace/Open-Sora/data/DAVIS/JPEGImages/480p/walking,72,480,854,/home/qid/quanhao/workspace/Open-Sora/data/DAVIS/Annotations/480p/walking,walking,0,71,/datadrive2/MOSE_release/train/Boxes/walking
A girl dancing and jumping,/home/qid/quanhao/workspace/Open-Sora/data/DAVIS/JPEGImages/480p/dance-jump,60,480,854,/home/qid/quanhao/workspace/Open-Sora/data/DAVIS/Annotations/480p/dance-jump,dance-jump,0,59,/datadrive2/MOSE_release/train/Boxes/dance-jump
An old lady running inside a room,/home/qid/quanhao/workspace/Open-Sora/data/DAVIS/JPEGImages/480p/lady-running,65,480,854,/home/qid/quanhao/workspace/Open-Sora/data/DAVIS/Annotations/480p/lady-running,lady-running,0,64,/datadrive2/MOSE_release/train/Boxes/lady-running
Two men doing judo,/home/qid/quanhao/workspace/Open-Sora/data/DAVIS/JPEGImages/480p/judo,34,480,854,/home/qid/quanhao/workspace/Open-Sora/data/DAVIS/Annotations/480p/judo,judo,0,33,/datadrive2/MOSE_release/train/Boxes/judo
A man doing hockey,/home/qid/quanhao/workspace/Open-Sora/data/DAVIS/JPEGImages/480p/hockey,75,480,854,/home/qid/quanhao/workspace/Open-Sora/data/DAVIS/Annotations/480p/hockey,hockey,0,74,/datadrive2/MOSE_release/train/Boxes/hockey
A man skiing with snowboard,/home/qid/quanhao/workspace/Open-Sora/data/DAVIS/JPEGImages/480p/snowboard,66,480,854,/home/qid/quanhao/workspace/Open-Sora/data/DAVIS/Annotations/480p/snowboard,snowboard,0,65,/datadrive2/MOSE_release/train/Boxes/snowboard
flamingos drinking water,/home/qid/quanhao/workspace/Open-Sora/data/DAVIS/JPEGImages/480p/flamingo,80,480,854,/home/qid/quanhao/workspace/Open-Sora/data/DAVIS/Annotations/480p/flamingo,flamingo,0,79,/datadrive2/MOSE_release/train/Boxes/flamingo
A woman dancing and twirling,/home/qid/quanhao/workspace/Open-Sora/data/DAVIS/JPEGImages/480p/dance-twirl,90,480,854,/home/qid/quanhao/workspace/Open-Sora/data/DAVIS/Annotations/480p/dance-twirl,dance-twirl,0,89,/datadrive2/MOSE_release/train/Boxes/dance-twirl
Man playing scooter,/home/qid/quanhao/workspace/Open-Sora/data/DAVIS/JPEGImages/480p/stunt,71,480,854,/home/qid/quanhao/workspace/Open-Sora/data/DAVIS/Annotations/480p/stunt,stunt,0,70,/datadrive2/MOSE_release/train/Boxes/stunt
Two men dring a classic car on the road,/home/qid/quanhao/workspace/Open-Sora/data/DAVIS/JPEGImages/480p/classic-car,63,480,854,/home/qid/quanhao/workspace/Open-Sora/data/DAVIS/Annotations/480p/classic-car,classic-car,0,62,/datadrive2/MOSE_release/train/Boxes/classic-car
An old man hiking with a bag and a hat,/home/qid/quanhao/workspace/Open-Sora/data/DAVIS/JPEGImages/480p/hike,80,480,854,/home/qid/quanhao/workspace/Open-Sora/data/DAVIS/Annotations/480p/hike,hike,0,79,/datadrive2/MOSE_release/train/Boxes/hike
Goldfish swimming in fish tank,/home/qid/quanhao/workspace/Open-Sora/data/DAVIS/JPEGImages/480p/gold-fish,78,480,854,/home/qid/quanhao/workspace/Open-Sora/data/DAVIS/Annotations/480p/gold-fish,gold-fish,0,77,/datadrive2/MOSE_release/train/Boxes/gold-fish
Horse jumps low and competes in the obstacle course,/home/qid/quanhao/workspace/Open-Sora/data/DAVIS/JPEGImages/480p/horsejump-low,60,480,854,/home/qid/quanhao/workspace/Open-Sora/data/DAVIS/Annotations/480p/horsejump-low,horsejump-low,0,59,/datadrive2/MOSE_release/train/Boxes/horsejump-low
Children sitting on a tuk-tuk on the road,/home/qid/quanhao/workspace/Open-Sora/data/DAVIS/JPEGImages/480p/tuk-tuk,59,480,854,/home/qid/quanhao/workspace/Open-Sora/data/DAVIS/Annotations/480p/tuk-tuk,tuk-tuk,0,58,/datadrive2/MOSE_release/train/Boxes/tuk-tuk
Paragliding launch on the grass,/home/qid/quanhao/workspace/Open-Sora/data/DAVIS/JPEGImages/480p/paragliding-launch,80,480,854,/home/qid/quanhao/workspace/Open-Sora/data/DAVIS/Annotations/480p/paragliding-launch,paragliding-launch,0,79,/datadrive2/MOSE_release/train/Boxes/paragliding-launch
A cow walking,/home/qid/quanhao/workspace/Open-Sora/data/DAVIS/JPEGImages/480p/cows,104,480,854,/home/qid/quanhao/workspace/Open-Sora/data/DAVIS/Annotations/480p/cows,cows,0,103,/datadrive2/MOSE_release/train/Boxes/cows
Two men drove their homemade cars over a small slope,/home/qid/quanhao/workspace/Open-Sora/data/DAVIS/JPEGImages/480p/soapbox,99,480,854,/home/qid/quanhao/workspace/Open-Sora/data/DAVIS/Annotations/480p/soapbox,soapbox,0,98,/datadrive2/MOSE_release/train/Boxes/soapbox
People doing lindy hop,/home/qid/quanhao/workspace/Open-Sora/data/DAVIS/JPEGImages/480p/lindy-hop,73,480,854,/home/qid/quanhao/workspace/Open-Sora/data/DAVIS/Annotations/480p/lindy-hop,lindy-hop,0,72,/datadrive2/MOSE_release/train/Boxes/lindy-hop
roller coaster ride,/home/qid/quanhao/workspace/Open-Sora/data/DAVIS/JPEGImages/480p/upside-down,65,480,854,/home/qid/quanhao/workspace/Open-Sora/data/DAVIS/Annotations/480p/upside-down,upside-down,0,64,/datadrive2/MOSE_release/train/Boxes/upside-down
plane sliding with water aside at night,/home/qid/quanhao/workspace/Open-Sora/data/DAVIS/JPEGImages/480p/planes-water,38,480,854,/home/qid/quanhao/workspace/Open-Sora/data/DAVIS/Annotations/480p/planes-water,planes-water,0,37,/datadrive2/MOSE_release/train/Boxes/planes-water
People playing in a skate park,/home/qid/quanhao/workspace/Open-Sora/data/DAVIS/JPEGImages/480p/skate-park,80,480,854,/home/qid/quanhao/workspace/Open-Sora/data/DAVIS/Annotations/480p/skate-park,skate-park,0,79,/datadrive2/MOSE_release/train/Boxes/skate-park
A car drives on a curvy road lined with trees,/home/qid/quanhao/workspace/Open-Sora/data/DAVIS/JPEGImages/480p/car-turn,80,480,854,/home/qid/quanhao/workspace/Open-Sora/data/DAVIS/Annotations/480p/car-turn,car-turn,0,79,/datadrive2/MOSE_release/train/Boxes/car-turn
pigs walking,/home/qid/quanhao/workspace/Open-Sora/data/DAVIS/JPEGImages/480p/pigs,79,480,854,/home/qid/quanhao/workspace/Open-Sora/data/DAVIS/Annotations/480p/pigs,pigs,0,78,/datadrive2/MOSE_release/train/Boxes/pigs
Two disc jockey dancing and one with mask,/home/qid/quanhao/workspace/Open-Sora/data/DAVIS/JPEGImages/480p/disc-jockey,76,480,1138,/home/qid/quanhao/workspace/Open-Sora/data/DAVIS/Annotations/480p/disc-jockey,disc-jockey,0,75,/datadrive2/MOSE_release/train/Boxes/disc-jockey
Toy train runs on the tracks,/home/qid/quanhao/workspace/Open-Sora/data/DAVIS/JPEGImages/480p/train,80,480,854,/home/qid/quanhao/workspace/Open-Sora/data/DAVIS/Annotations/480p/train,train,0,79,/datadrive2/MOSE_release/train/Boxes/train
An agile dog in an obstacle course,/home/qid/quanhao/workspace/Open-Sora/data/DAVIS/JPEGImages/480p/dog-agility,25,480,854,/home/qid/quanhao/workspace/Open-Sora/data/DAVIS/Annotations/480p/dog-agility,dog-agility,0,24,/datadrive2/MOSE_release/train/Boxes/dog-agility
A woman wearing a skirt is walking,/home/qid/quanhao/workspace/Open-Sora/data/DAVIS/JPEGImages/480p/lucia,70,480,854,/home/qid/quanhao/workspace/Open-Sora/data/DAVIS/Annotations/480p/lucia,lucia,0,69,/datadrive2/MOSE_release/train/Boxes/lucia
A man doing breakdance,/home/qid/quanhao/workspace/Open-Sora/data/DAVIS/JPEGImages/480p/breakdance-flare,71,480,854,/home/qid/quanhao/workspace/Open-Sora/data/DAVIS/Annotations/480p/breakdance-flare,breakdance-flare,0,70,/datadrive2/MOSE_release/train/Boxes/breakdance-flare
A mallard swimming in the water,/home/qid/quanhao/workspace/Open-Sora/data/DAVIS/JPEGImages/480p/mallard-water,80,480,854,/home/qid/quanhao/workspace/Open-Sora/data/DAVIS/Annotations/480p/mallard-water,mallard-water,0,79,/datadrive2/MOSE_release/train/Boxes/mallard-water
A car driving on the road with shadow of building on the ground,/home/qid/quanhao/workspace/Open-Sora/data/DAVIS/JPEGImages/480p/car-shadow,40,480,854,/home/qid/quanhao/workspace/Open-Sora/data/DAVIS/Annotations/480p/car-shadow,car-shadow,0,39,/datadrive2/MOSE_release/train/Boxes/car-shadow
A man doing breakdance with a group of people watching,/home/qid/quanhao/workspace/Open-Sora/data/DAVIS/JPEGImages/480p/breakdance,84,480,854,/home/qid/quanhao/workspace/Open-Sora/data/DAVIS/Annotations/480p/breakdance,breakdance,0,83,/datadrive2/MOSE_release/train/Boxes/breakdance
Two men loading goods in the supermarket,/home/qid/quanhao/workspace/Open-Sora/data/DAVIS/JPEGImages/480p/loading,50,480,854,/home/qid/quanhao/workspace/Open-Sora/data/DAVIS/Annotations/480p/loading,loading,0,49,/datadrive2/MOSE_release/train/Boxes/loading
A boy riding a bmx,/home/qid/quanhao/workspace/Open-Sora/data/DAVIS/JPEGImages/480p/bmx-bumps,90,480,854,/home/qid/quanhao/workspace/Open-Sora/data/DAVIS/Annotations/480p/bmx-bumps,bmx-bumps,0,89,/datadrive2/MOSE_release/train/Boxes/bmx-bumps
A girl playing with rollerblade,/home/qid/quanhao/workspace/Open-Sora/data/DAVIS/JPEGImages/480p/rollerblade,35,480,854,/home/qid/quanhao/workspace/Open-Sora/data/DAVIS/Annotations/480p/rollerblade,rollerblade,0,34,/datadrive2/MOSE_release/train/Boxes/rollerblade
A black man shot while sliding down a rope,/home/qid/quanhao/workspace/Open-Sora/data/DAVIS/JPEGImages/480p/shooting,40,480,1152,/home/qid/quanhao/workspace/Open-Sora/data/DAVIS/Annotations/480p/shooting,shooting,0,39,/datadrive2/MOSE_release/train/Boxes/shooting
A man is playing longboard,/home/qid/quanhao/workspace/Open-Sora/data/DAVIS/JPEGImages/480p/longboard,52,480,854,/home/qid/quanhao/workspace/Open-Sora/data/DAVIS/Annotations/480p/longboard,longboard,0,51,/datadrive2/MOSE_release/train/Boxes/longboard
Men surfing in the sea,/home/qid/quanhao/workspace/Open-Sora/data/DAVIS/JPEGImages/480p/miami-surf,70,480,854,/home/qid/quanhao/workspace/Open-Sora/data/DAVIS/Annotations/480p/miami-surf,miami-surf,0,69,/datadrive2/MOSE_release/train/Boxes/miami-surf
schoolgirls chatting and walking,/home/qid/quanhao/workspace/Open-Sora/data/DAVIS/JPEGImages/480p/schoolgirls,80,480,854,/home/qid/quanhao/workspace/Open-Sora/data/DAVIS/Annotations/480p/schoolgirls,schoolgirls,0,79,/datadrive2/MOSE_release/train/Boxes/schoolgirls
A black swan swimming in the river,/home/qid/quanhao/workspace/Open-Sora/data/DAVIS/JPEGImages/480p/blackswan,50,480,854,/home/qid/quanhao/workspace/Open-Sora/data/DAVIS/Annotations/480p/blackswan,blackswan,0,49,/datadrive2/MOSE_release/train/Boxes/blackswan
soccerball rolling on grass,/home/qid/quanhao/workspace/Open-Sora/data/DAVIS/JPEGImages/480p/soccerball,48,480,854,/home/qid/quanhao/workspace/Open-Sora/data/DAVIS/Annotations/480p/soccerball,soccerball,0,47,/datadrive2/MOSE_release/train/Boxes/soccerball
People dancing on the street,/home/qid/quanhao/workspace/Open-Sora/data/DAVIS/JPEGImages/480p/dancing,62,480,854,/home/qid/quanhao/workspace/Open-Sora/data/DAVIS/Annotations/480p/dancing,dancing,0,61,/datadrive2/MOSE_release/train/Boxes/dancing
A man paragliding with trees and house below,/home/qid/quanhao/workspace/Open-Sora/data/DAVIS/JPEGImages/480p/paragliding,70,480,854,/home/qid/quanhao/workspace/Open-Sora/data/DAVIS/Annotations/480p/paragliding,paragliding,0,69,/datadrive2/MOSE_release/train/Boxes/paragliding
A man flying a drone,/home/qid/quanhao/workspace/Open-Sora/data/DAVIS/JPEGImages/480p/drone,91,480,854,/home/qid/quanhao/workspace/Open-Sora/data/DAVIS/Annotations/480p/drone,drone,0,90,/datadrive2/MOSE_release/train/Boxes/drone
A camel walking,/home/qid/quanhao/workspace/Open-Sora/data/DAVIS/JPEGImages/480p/camel,90,480,854,/home/qid/quanhao/workspace/Open-Sora/data/DAVIS/Annotations/480p/camel,camel,0,89,/datadrive2/MOSE_release/train/Boxes/camel
A boy riding a bmx with trees aside,/home/qid/quanhao/workspace/Open-Sora/data/DAVIS/JPEGImages/480p/bmx-trees,80,480,854,/home/qid/quanhao/workspace/Open-Sora/data/DAVIS/Annotations/480p/bmx-trees,bmx-trees,0,79,/datadrive2/MOSE_release/train/Boxes/bmx-trees
A girl playing with a cat,/home/qid/quanhao/workspace/Open-Sora/data/DAVIS/JPEGImages/480p/cat-girl,89,480,911,/home/qid/quanhao/workspace/Open-Sora/data/DAVIS/Annotations/480p/cat-girl,cat-girl,0,88,/datadrive2/MOSE_release/train/Boxes/cat-girl
A racing car drift straight,/home/qid/quanhao/workspace/Open-Sora/data/DAVIS/JPEGImages/480p/drift-straight,50,480,854,/home/qid/quanhao/workspace/Open-Sora/data/DAVIS/Annotations/480p/drift-straight,drift-straight,0,49,/datadrive2/MOSE_release/train/Boxes/drift-straight
A bear walking with stones behind,/home/qid/quanhao/workspace/Open-Sora/data/DAVIS/JPEGImages/480p/bear,82,480,854,/home/qid/quanhao/workspace/Open-Sora/data/DAVIS/Annotations/480p/bear,bear,0,81,/datadrive2/MOSE_release/train/Boxes/bear
A man riding motorbike,/home/qid/quanhao/workspace/Open-Sora/data/DAVIS/JPEGImages/480p/mbike-trick,79,480,854,/home/qid/quanhao/workspace/Open-Sora/data/DAVIS/Annotations/480p/mbike-trick,mbike-trick,0,78,/datadrive2/MOSE_release/train/Boxes/mbike-trick
Motocross bumps,/home/qid/quanhao/workspace/Open-Sora/data/DAVIS/JPEGImages/480p/motocross-bumps,60,480,854,/home/qid/quanhao/workspace/Open-Sora/data/DAVIS/Annotations/480p/motocross-bumps,motocross-bumps,0,59,/datadrive2/MOSE_release/train/Boxes/motocross-bumps
A racing car drift chicane,/home/qid/quanhao/workspace/Open-Sora/data/DAVIS/JPEGImages/480p/drift-chicane,52,480,854,/home/qid/quanhao/workspace/Open-Sora/data/DAVIS/Annotations/480p/drift-chicane,drift-chicane,0,51,/datadrive2/MOSE_release/train/Boxes/drift-chicane
A boat sailing in the river,/home/qid/quanhao/workspace/Open-Sora/data/DAVIS/JPEGImages/480p/boat,75,480,854,/home/qid/quanhao/workspace/Open-Sora/data/DAVIS/Annotations/480p/boat,boat,0,74,/datadrive2/MOSE_release/train/Boxes/boat
Surfing on the sea,/home/qid/quanhao/workspace/Open-Sora/data/DAVIS/JPEGImages/480p/surf,55,480,854,/home/qid/quanhao/workspace/Open-Sora/data/DAVIS/Annotations/480p/surf,surf,0,54,/datadrive2/MOSE_release/train/Boxes/surf
a man packing his bike,/home/qid/quanhao/workspace/Open-Sora/data/DAVIS/JPEGImages/480p/bike-packing,69,480,910,/home/qid/quanhao/workspace/Open-Sora/data/DAVIS/Annotations/480p/bike-packing,bike-packing,0,68,/datadrive2/MOSE_release/train/Boxes/bike-packing
Putting a dog on a scale,/home/qid/quanhao/workspace/Open-Sora/data/DAVIS/JPEGImages/480p/dogs-scale,83,480,854,/home/qid/quanhao/workspace/Open-Sora/data/DAVIS/Annotations/480p/dogs-scale,dogs-scale,0,82,/datadrive2/MOSE_release/train/Boxes/dogs-scale
A woman playing with swing,/home/qid/quanhao/workspace/Open-Sora/data/DAVIS/JPEGImages/480p/swing,60,480,854,/home/qid/quanhao/workspace/Open-Sora/data/DAVIS/Annotations/480p/swing,swing,0,59,/datadrive2/MOSE_release/train/Boxes/swing
A man riding a gray scooter,/home/qid/quanhao/workspace/Open-Sora/data/DAVIS/JPEGImages/480p/scooter-gray,75,480,854,/home/qid/quanhao/workspace/Open-Sora/data/DAVIS/Annotations/480p/scooter-gray,scooter-gray,0,74,/datadrive2/MOSE_release/train/Boxes/scooter-gray
A dog walking,/home/qid/quanhao/workspace/Open-Sora/data/DAVIS/JPEGImages/480p/libby,49,480,854,/home/qid/quanhao/workspace/Open-Sora/data/DAVIS/Annotations/480p/libby,libby,0,48,/datadrive2/MOSE_release/train/Boxes/libby
A man doing kite surfing,/home/qid/quanhao/workspace/Open-Sora/data/DAVIS/JPEGImages/480p/kite-surf,50,480,854,/home/qid/quanhao/workspace/Open-Sora/data/DAVIS/Annotations/480p/kite-surf,kite-surf,0,49,/datadrive2/MOSE_release/train/Boxes/kite-surf
A racing car drift turn,/home/qid/quanhao/workspace/Open-Sora/data/DAVIS/JPEGImages/480p/drift-turn,64,480,854,/home/qid/quanhao/workspace/Open-Sora/data/DAVIS/Annotations/480p/drift-turn,drift-turn,0,63,/datadrive2/MOSE_release/train/Boxes/drift-turn
varanus climbing on a branch,/home/qid/quanhao/workspace/Open-Sora/data/DAVIS/JPEGImages/480p/varanus-cage,67,480,854,/home/qid/quanhao/workspace/Open-Sora/data/DAVIS/Annotations/480p/varanus-cage,varanus-cage,0,66,/datadrive2/MOSE_release/train/Boxes/varanus-cage
Two cars night racing,/home/qid/quanhao/workspace/Open-Sora/data/DAVIS/JPEGImages/480p/night-race,46,480,854,/home/qid/quanhao/workspace/Open-Sora/data/DAVIS/Annotations/480p/night-race,night-race,0,45,/datadrive2/MOSE_release/train/Boxes/night-race
A man playing tennis,/home/qid/quanhao/workspace/Open-Sora/data/DAVIS/JPEGImages/480p/tennis,70,480,854,/home/qid/quanhao/workspace/Open-Sora/data/DAVIS/Annotations/480p/tennis,tennis,0,69,/datadrive2/MOSE_release/train/Boxes/tennis
An elephant walking,/home/qid/quanhao/workspace/Open-Sora/data/DAVIS/JPEGImages/480p/elephant,80,480,854,/home/qid/quanhao/workspace/Open-Sora/data/DAVIS/Annotations/480p/elephant,elephant,0,79,/datadrive2/MOSE_release/train/Boxes/elephant
People walking on an Indian street,/home/qid/quanhao/workspace/Open-Sora/data/DAVIS/JPEGImages/480p/india,81,480,854,/home/qid/quanhao/workspace/Open-Sora/data/DAVIS/Annotations/480p/india,india,0,80,/datadrive2/MOSE_release/train/Boxes/india
An old couple walking on crossing,/home/qid/quanhao/workspace/Open-Sora/data/DAVIS/JPEGImages/480p/crossing,52,480,854,/home/qid/quanhao/workspace/Open-Sora/data/DAVIS/Annotations/480p/crossing,crossing,0,51,/datadrive2/MOSE_release/train/Boxes/crossing
A man with suit riding a black scooter,/home/qid/quanhao/workspace/Open-Sora/data/DAVIS/JPEGImages/480p/scooter-black,43,480,854,/home/qid/quanhao/workspace/Open-Sora/data/DAVIS/Annotations/480p/scooter-black,scooter-black,0,42,/datadrive2/MOSE_release/train/Boxes/scooter-black
Two men are having a boxing match with a referee standing by,/home/qid/quanhao/workspace/Open-Sora/data/DAVIS/JPEGImages/480p/boxing-fisheye,87,480,854,/home/qid/quanhao/workspace/Open-Sora/data/DAVIS/Annotations/480p/boxing-fisheye,boxing-fisheye,0,86,/datadrive2/MOSE_release/train/Boxes/boxing-fisheye
A koala climbing,/home/qid/quanhao/workspace/Open-Sora/data/DAVIS/JPEGImages/480p/koala,100,480,854,/home/qid/quanhao/workspace/Open-Sora/data/DAVIS/Annotations/480p/koala,koala,0,99,/datadrive2/MOSE_release/train/Boxes/koala
Three women with lab coat on a playground,/home/qid/quanhao/workspace/Open-Sora/data/DAVIS/JPEGImages/480p/lab-coat,47,480,854,/home/qid/quanhao/workspace/Open-Sora/data/DAVIS/Annotations/480p/lab-coat,lab-coat,0,46,/datadrive2/MOSE_release/train/Boxes/lab-coat
rhino walking,/home/qid/quanhao/workspace/Open-Sora/data/DAVIS/JPEGImages/480p/rhino,90,480,854,/home/qid/quanhao/workspace/Open-Sora/data/DAVIS/Annotations/480p/rhino,rhino,0,89,/datadrive2/MOSE_release/train/Boxes/rhino
A man doing parkour,/home/qid/quanhao/workspace/Open-Sora/data/DAVIS/JPEGImages/480p/parkour,100,480,854,/home/qid/quanhao/workspace/Open-Sora/data/DAVIS/Annotations/480p/parkour,parkour,0,99,/datadrive2/MOSE_release/train/Boxes/parkour
Kid playing football,/home/qid/quanhao/workspace/Open-Sora/data/DAVIS/JPEGImages/480p/kid-football,68,480,854,/home/qid/quanhao/workspace/Open-Sora/data/DAVIS/Annotations/480p/kid-football,kid-football,0,67,/datadrive2/MOSE_release/train/Boxes/kid-football
A mallard on the grass flying,/home/qid/quanhao/workspace/Open-Sora/data/DAVIS/JPEGImages/480p/mallard-fly,70,480,854,/home/qid/quanhao/workspace/Open-Sora/data/DAVIS/Annotations/480p/mallard-fly,mallard-fly,0,69,/datadrive2/MOSE_release/train/Boxes/mallard-fly
A bus driving on the road,/home/qid/quanhao/workspace/Open-Sora/data/DAVIS/JPEGImages/480p/bus,80,480,854,/home/qid/quanhao/workspace/Open-Sora/data/DAVIS/Annotations/480p/bus,bus,0,79,/datadrive2/MOSE_release/train/Boxes/bus
Racing cars rally on gravel road,/home/qid/quanhao/workspace/Open-Sora/data/DAVIS/JPEGImages/480p/rallye,50,480,854,/home/qid/quanhao/workspace/Open-Sora/data/DAVIS/Annotations/480p/rallye,rallye,0,49,/datadrive2/MOSE_release/train/Boxes/rallye
A car doing roundabout,/home/qid/quanhao/workspace/Open-Sora/data/DAVIS/JPEGImages/480p/car-roundabout,75,480,854,/home/qid/quanhao/workspace/Open-Sora/data/DAVIS/Annotations/480p/car-roundabout,car-roundabout,0,74,/datadrive2/MOSE_release/train/Boxes/car-roundabout
Motocross jump,/home/qid/quanhao/workspace/Open-Sora/data/DAVIS/JPEGImages/480p/motocross-jump,40,480,854,/home/qid/quanhao/workspace/Open-Sora/data/DAVIS/Annotations/480p/motocross-jump,motocross-jump,0,39,/datadrive2/MOSE_release/train/Boxes/motocross-jump
Dogs jumping around a woman,/home/qid/quanhao/workspace/Open-Sora/data/DAVIS/JPEGImages/480p/dogs-jump,66,480,854,/home/qid/quanhao/workspace/Open-Sora/data/DAVIS/Annotations/480p/dogs-jump,dogs-jump,0,65,/datadrive2/MOSE_release/train/Boxes/dogs-jump
woman with stroller walking on a street,/home/qid/quanhao/workspace/Open-Sora/data/DAVIS/JPEGImages/480p/stroller,91,480,854,/home/qid/quanhao/workspace/Open-Sora/data/DAVIS/Annotations/480p/stroller,stroller,0,90,/datadrive2/MOSE_release/train/Boxes/stroller
motorbike driving on the road,/home/qid/quanhao/workspace/Open-Sora/data/DAVIS/JPEGImages/480p/motorbike,43,480,854,/home/qid/quanhao/workspace/Open-Sora/data/DAVIS/Annotations/480p/motorbike,motorbike,0,42,/datadrive2/MOSE_release/train/Boxes/motorbike
tractor driving on sand,/home/qid/quanhao/workspace/Open-Sora/data/DAVIS/JPEGImages/480p/tractor-sand,76,480,854,/home/qid/quanhao/workspace/Open-Sora/data/DAVIS/Annotations/480p/tractor-sand,tractor-sand,0,75,/datadrive2/MOSE_release/train/Boxes/tractor-sand
A dog walking,/home/qid/quanhao/workspace/Open-Sora/data/DAVIS/JPEGImages/480p/dog,60,480,854,/home/qid/quanhao/workspace/Open-Sora/data/DAVIS/Annotations/480p/dog,dog,0,59,/datadrive2/MOSE_release/train/Boxes/dog
sheeps walking on grass,/home/qid/quanhao/workspace/Open-Sora/data/DAVIS/JPEGImages/480p/sheep,68,480,854,/home/qid/quanhao/workspace/Open-Sora/data/DAVIS/Annotations/480p/sheep,sheep,0,67,/datadrive2/MOSE_release/train/Boxes/sheep
Horse jumps high and competes in the obstacle course,/home/qid/quanhao/workspace/Open-Sora/data/DAVIS/JPEGImages/480p/horsejump-high,50,480,854,/home/qid/quanhao/workspace/Open-Sora/data/DAVIS/Annotations/480p/horsejump-high,horsejump-high,0,49,/datadrive2/MOSE_release/train/Boxes/horsejump-high
